id,quality
15000,6
15001,5
15002,5
15003,6
15004,5
15005,5
15006,5
15007,5
15008,7
15009,5
15010,6
15011,5
15012,5
15013,6
15014,5
15015,5
15016,6
15017,6
15018,5
15019,6
15020,5
15021,5
15022,6
15023,6
15024,5
15025,5
15026,6
15027,6
15028,5
15029,5
15030,6
15031,6
15032,5
15033,6
15034,5
15035,5
15036,7
15037,5
15038,5
15039,5
15040,5
15041,5
15042,5
15043,6
15044,6
15045,5
15046,5
15047,5
15048,5
15049,5
15050,5
15051,6
15052,6
15053,5
15054,6
15055,6
15056,6
15057,6
15058,5
15059,6
15060,5
15061,5
15062,5
15063,5
15064,6
15065,7
15066,5
15067,5
15068,5
15069,6
15070,5
15071,6
15072,6
15073,6
15074,6
15075,6
15076,5
15077,5
15078,5
15079,5
15080,6
15081,6
15082,5
15083,6
15084,6
15085,6
15086,6
15087,5
15088,5
15089,6
15090,5
15091,5
15092,7
15093,5
15094,5
15095,6
15096,5
15097,5
15098,5
15099,5
15100,6
15101,5
15102,7
15103,5
15104,5
15105,6
15106,6
15107,5
15108,5
15109,5
15110,5
15111,5
15112,6
15113,5
15114,6
15115,5
15116,5
15117,7
15118,5
15119,6
15120,5
15121,5
15122,5
15123,5
15124,5
15125,6
15126,5
15127,5
15128,5
15129,5
15130,5
15131,5
15132,5
15133,5
15134,6
15135,6
15136,5
15137,5
15138,6
15139,5
15140,7
15141,5
15142,5
15143,5
15144,5
15145,6
15146,6
15147,5
15148,5
15149,5
15150,6
15151,6
15152,5
15153,7
15154,7
15155,5
15156,6
15157,5
15158,5
15159,7
15160,5
15161,5
15162,6
15163,6
15164,6
15165,5
15166,5
15167,5
15168,5
15169,5
15170,6
15171,6
15172,6
15173,6
15174,5
15175,5
15176,5
15177,5
15178,5
15179,5
15180,6
15181,6
15182,6
15183,6
15184,5
15185,7
15186,6
15187,6
15188,5
15189,5
15190,6
15191,6
15192,6
15193,5
15194,5
15195,6
15196,5
15197,6
15198,5
15199,5
15200,5
15201,6
15202,7
15203,5
15204,5
15205,7
15206,6
15207,5
15208,5
15209,5
15210,5
15211,5
15212,5
15213,7
15214,6
15215,5
15216,5
15217,5
15218,6
15219,5
15220,6
15221,5
15222,6
15223,5
15224,5
15225,7
15226,7
15227,6
15228,5
15229,6
15230,5
15231,5
15232,5
15233,6
15234,5
15235,7
15236,6
15237,5
15238,7
15239,7
15240,6
15241,5
15242,5
15243,5
15244,5
15245,7
15246,5
15247,5
15248,6
15249,5
15250,7
15251,5
15252,5
15253,5
15254,5
15255,6
15256,5
15257,5
15258,5
15259,5
15260,6
15261,5
15262,5
15263,5
15264,5
15265,6
15266,5
15267,5
15268,5
15269,6
15270,5
15271,6
15272,5
15273,5
15274,5
15275,5
15276,5
15277,5
15278,5
15279,5
15280,5
15281,5
15282,5
15283,6
15284,6
15285,6
15286,5
15287,5
15288,5
15289,6
15290,5
15291,5
15292,5
15293,6
15294,5
15295,5
15296,5
15297,6
15298,5
15299,5
15300,6
15301,6
15302,6
15303,5
15304,5
15305,5
15306,6
15307,7
15308,5
15309,5
15310,5
15311,5
15312,6
15313,6
15314,5
15315,5
15316,7
15317,6
15318,5
15319,6
15320,6
15321,6
15322,5
15323,5
15324,6
15325,6
15326,6
15327,5
15328,5
15329,6
15330,6
15331,5
15332,5
15333,5
15334,5
15335,6
15336,5
15337,6
15338,5
15339,6
15340,5
15341,6
15342,6
15343,5
15344,5
15345,6
15346,6
15347,5
15348,5
15349,7
15350,5
15351,5
15352,5
15353,7
15354,5
15355,7
15356,5
15357,5
15358,5
15359,7
15360,6
15361,5
15362,5
15363,6
15364,5
15365,5
15366,7
15367,5
15368,5
15369,6
15370,6
15371,5
15372,5
15373,5
15374,6
15375,6
15376,5
15377,6
15378,6
15379,6
15380,6
15381,5
15382,6
15383,5
15384,6
15385,5
15386,5
15387,6
15388,5
15389,6
15390,6
15391,5
15392,5
15393,6
15394,6
15395,7
15396,5
15397,6
15398,5
15399,6
15400,5
15401,5
15402,6
15403,6
15404,6
15405,7
15406,5
15407,5
15408,5
15409,5
15410,7
15411,6
15412,6
15413,5
15414,5
15415,6
15416,5
15417,6
15418,6
15419,5
15420,5
15421,7
15422,6
15423,5
15424,6
15425,6
15426,5
15427,5
15428,7
15429,5
15430,6
15431,6
15432,6
15433,5
15434,5
15435,6
15436,5
15437,5
15438,5
15439,5
15440,6
15441,5
15442,6
15443,6
15444,6
15445,6
15446,5
15447,6
15448,6
15449,6
15450,5
15451,5
15452,5
15453,5
15454,6
15455,6
15456,6
15457,5
15458,5
15459,5
15460,6
15461,5
15462,5
15463,5
15464,6
15465,7
15466,6
15467,5
15468,6
15469,5
15470,5
15471,7
15472,5
15473,5
15474,5
15475,5
15476,6
15477,5
15478,5
15479,6
15480,6
15481,6
15482,5
15483,5
15484,5
15485,6
15486,6
15487,6
15488,6
15489,5
15490,6
15491,5
15492,5
15493,5
15494,5
15495,6
15496,6
15497,5
15498,5
15499,6
15500,6
15501,6
15502,5
15503,7
15504,6
15505,5
15506,5
15507,6
15508,6
15509,6
15510,5
15511,5
15512,7
15513,5
15514,5
15515,5
15516,5
15517,5
15518,5
15519,5
15520,5
15521,6
15522,5
15523,6
15524,6
15525,5
15526,5
15527,6
15528,5
15529,6
15530,7
15531,5
15532,5
15533,6
15534,5
15535,5
15536,6
15537,5
15538,5
15539,6
15540,5
15541,6
15542,5
15543,6
15544,6
15545,6
15546,6
15547,5
15548,5
15549,6
15550,5
15551,5
15552,5
15553,6
15554,6
15555,6
15556,6
15557,5
15558,5
15559,6
15560,5
15561,6
15562,5
15563,6
15564,6
15565,6
15566,6
15567,7
15568,5
15569,5
15570,5
15571,5
15572,6
15573,6
15574,6
15575,6
15576,6
15577,5
15578,6
15579,5
15580,6
15581,6
15582,5
15583,5
15584,6
15585,6
15586,6
15587,5
15588,6
15589,5
15590,5
15591,6
15592,7
15593,5
15594,5
15595,5
15596,6
15597,5
15598,5
15599,7
15600,5
15601,6
15602,5
15603,5
15604,6
15605,5
15606,6
15607,6
15608,6
15609,7
15610,5
15611,5
15612,5
15613,5
15614,5
15615,7
15616,5
15617,5
15618,5
15619,5
15620,5
15621,5
15622,5
15623,6
15624,5
15625,6
15626,7
15627,5
15628,6
15629,5
15630,5
15631,6
15632,6
15633,5
15634,7
15635,7
15636,5
15637,5
15638,5
15639,5
15640,5
15641,6
15642,5
15643,5
15644,5
15645,6
15646,5
15647,7
15648,5
15649,6
15650,6
15651,7
15652,5
15653,5
15654,5
15655,5
15656,5
15657,6
15658,6
15659,5
15660,5
15661,5
15662,6
15663,5
15664,5
15665,6
15666,5
15667,5
15668,6
15669,5
15670,5
15671,5
15672,6
15673,6
15674,6
15675,6
15676,5
15677,5
15678,6
15679,5
15680,6
15681,5
15682,5
15683,5
15684,6
15685,5
15686,5
15687,6
15688,5
15689,6
15690,6
15691,5
15692,5
15693,5
15694,5
15695,6
15696,5
15697,5
15698,6
15699,5
15700,5
15701,5
15702,6
15703,6
15704,5
15705,7
15706,5
15707,5
15708,6
15709,5
15710,5
15711,6
15712,5
15713,5
15714,6
15715,5
15716,5
15717,6
15718,5
15719,6
15720,5
15721,5
15722,6
15723,6
15724,5
15725,5
15726,5
15727,5
15728,5
15729,6
15730,5
15731,6
15732,5
15733,6
15734,5
15735,5
15736,6
15737,5
15738,5
15739,5
15740,5
15741,5
15742,5
15743,5
15744,5
15745,5
15746,6
15747,6
15748,6
15749,6
15750,6
15751,5
15752,6
15753,6
15754,6
15755,5
15756,5
15757,5
15758,7
15759,7
15760,6
15761,5
15762,7
15763,6
15764,6
15765,5
15766,5
15767,5
15768,5
15769,5
15770,6
15771,6
15772,6
15773,5
15774,5
15775,6
15776,5
15777,6
15778,5
15779,5
15780,6
15781,5
15782,5
15783,5
15784,6
15785,6
15786,6
15787,6
15788,5
15789,5
15790,6
15791,6
15792,5
15793,5
15794,6
15795,7
15796,5
15797,5
15798,5
15799,6
15800,6
15801,5
15802,5
15803,7
15804,5
15805,5
15806,6
15807,6
15808,5
15809,6
15810,5
15811,5
15812,5
15813,7
15814,5
15815,5
15816,5
15817,5
15818,5
15819,5
15820,6
15821,5
15822,6
15823,6
15824,5
15825,5
15826,5
15827,5
15828,6
15829,6
15830,5
15831,5
15832,6
15833,5
15834,5
15835,5
15836,5
15837,5
15838,7
15839,5
15840,6
15841,5
15842,5
15843,6
15844,6
15845,6
15846,5
15847,6
15848,5
15849,5
15850,5
15851,5
15852,6
15853,6
15854,5
15855,6
15856,5
15857,5
15858,5
15859,6
15860,6
15861,5
15862,6
15863,5
15864,6
15865,7
15866,5
15867,6
15868,5
15869,5
15870,5
15871,5
15872,6
15873,7
15874,5
15875,5
15876,5
15877,6
15878,5
15879,5
15880,6
15881,5
15882,5
15883,6
15884,5
15885,6
15886,5
15887,6
15888,5
15889,6
15890,6
15891,6
15892,5
15893,6
15894,5
15895,5
15896,6
15897,6
15898,5
15899,6
15900,6
15901,7
15902,5
15903,5
15904,6
15905,5
15906,5
15907,6
15908,5
15909,5
15910,5
15911,6
15912,6
15913,5
15914,5
15915,7
15916,6
15917,6
15918,6
15919,5
15920,6
15921,5
15922,6
15923,6
15924,5
15925,6
15926,5
15927,6
15928,5
15929,6
15930,6
15931,6
15932,6
15933,5
15934,7
15935,6
15936,6
15937,6
15938,6
15939,6
15940,6
15941,5
15942,7
15943,5
15944,6
15945,6
15946,6
15947,6
15948,5
15949,5
15950,6
15951,5
15952,5
15953,6
15954,6
15955,5
15956,5
15957,5
15958,5
15959,5
15960,6
15961,5
15962,5
15963,5
15964,5
15965,5
15966,6
15967,6
15968,6
15969,5
15970,5
15971,5
15972,5
15973,5
15974,7
15975,5
15976,6
15977,6
15978,5
15979,5
15980,7
15981,5
15982,5
15983,5
15984,5
15985,5
15986,5
15987,5
15988,6
15989,5
15990,5
15991,5
15992,6
15993,6
15994,7
15995,6
15996,5
15997,6
15998,6
15999,6
16000,5
16001,6
16002,5
16003,5
16004,5
16005,6
16006,5
16007,5
16008,7
16009,6
16010,6
16011,6
16012,6
16013,5
16014,5
16015,5
16016,5
16017,5
16018,5
16019,5
16020,5
16021,6
16022,5
16023,5
16024,5
16025,5
16026,6
16027,5
16028,5
16029,5
16030,5
16031,5
16032,5
16033,5
16034,6
16035,6
16036,5
16037,5
16038,5
16039,5
16040,6
16041,5
16042,6
16043,5
16044,5
16045,5
16046,5
16047,5
16048,5
16049,5
16050,5
16051,5
16052,5
16053,5
16054,5
16055,5
16056,5
16057,5
16058,6
16059,5
16060,5
16061,6
16062,5
16063,5
16064,5
16065,6
16066,6
16067,5
16068,5
16069,6
16070,6
16071,6
16072,5
16073,5
16074,5
16075,5
16076,7
16077,5
16078,5
16079,5
16080,6
16081,5
16082,5
16083,5
16084,6
16085,7
16086,6
16087,5
16088,5
16089,5
16090,6
16091,5
16092,6
16093,5
16094,5
16095,5
16096,7
16097,6
16098,5
16099,5
16100,7
16101,5
16102,5
16103,6
16104,5
16105,7
16106,5
16107,5
16108,5
16109,5
16110,6
16111,6
16112,6
16113,7
16114,5
16115,5
16116,6
16117,5
16118,6
16119,5
16120,6
16121,5
16122,5
16123,5
16124,5
16125,5
16126,5
16127,5
16128,5
16129,5
16130,6
16131,6
16132,5
16133,5
16134,5
16135,6
16136,5
16137,6
16138,6
16139,5
16140,6
16141,5
16142,6
16143,5
16144,5
16145,5
16146,6
16147,7
16148,5
16149,6
16150,5
16151,6
16152,5
16153,5
16154,7
16155,5
16156,7
16157,6
16158,5
16159,7
16160,5
16161,6
16162,6
16163,6
16164,5
16165,5
16166,6
16167,7
16168,7
16169,5
16170,6
16171,5
16172,5
16173,6
16174,5
16175,5
16176,5
16177,5
16178,5
16179,5
16180,5
16181,6
16182,5
16183,5
16184,5
16185,6
16186,5
16187,5
16188,6
16189,6
16190,5
16191,6
16192,5
16193,5
16194,6
16195,5
16196,6
16197,5
16198,5
16199,5
16200,7
16201,5
16202,6
16203,5
16204,5
16205,5
16206,6
16207,5
16208,5
16209,5
16210,5
16211,6
16212,6
16213,7
16214,6
16215,6
16216,5
16217,5
16218,6
16219,5
16220,6
16221,6
16222,5
16223,5
16224,5
16225,5
16226,6
16227,5
16228,5
16229,6
16230,5
16231,5
16232,5
16233,5
16234,6
16235,5
16236,5
16237,5
16238,5
16239,6
16240,5
16241,5
16242,5
16243,6
16244,5
16245,5
16246,5
16247,5
16248,5
16249,6
16250,5
16251,6
16252,5
16253,7
16254,6
16255,5
16256,5
16257,6
16258,6
16259,5
16260,5
16261,5
16262,5
16263,6
16264,6
16265,5
16266,5
16267,6
16268,6
16269,7
16270,6
16271,5
16272,5
16273,6
16274,5
16275,5
16276,6
16277,5
16278,6
16279,6
16280,5
16281,5
16282,5
16283,5
16284,5
16285,5
16286,6
16287,5
16288,6
16289,5
16290,5
16291,6
16292,5
16293,5
16294,6
16295,5
16296,6
16297,5
16298,7
16299,5
16300,6
16301,6
16302,5
16303,5
16304,7
16305,6
16306,5
16307,6
16308,6
16309,5
16310,5
16311,5
16312,6
16313,6
16314,5
16315,5
16316,5
16317,5
16318,6
16319,5
16320,6
16321,6
16322,6
16323,5
16324,5
16325,6
16326,5
16327,5
16328,5
16329,5
16330,5
16331,6
16332,6
16333,6
16334,5
16335,6
16336,5
16337,5
16338,6
16339,5
16340,5
16341,5
16342,6
16343,5
16344,5
16345,5
16346,6
16347,5
16348,5
16349,7
16350,6
16351,5
16352,5
16353,5
16354,5
16355,5
16356,7
16357,6
16358,5
16359,5
16360,6
16361,5
16362,6
16363,5
16364,5
16365,5
16366,6
16367,6
16368,6
16369,5
16370,6
16371,6
16372,5
16373,5
16374,5
16375,6
16376,5
16377,5
16378,5
16379,6
16380,5
16381,7
16382,5
16383,5
16384,5
16385,5
16386,5
16387,5
16388,7
16389,6
16390,5
16391,5
16392,6
16393,5
16394,6
16395,6
16396,6
16397,5
16398,5
16399,6
16400,5
16401,7
16402,5
16403,5
16404,6
16405,5
16406,7
16407,5
16408,5
16409,6
16410,5
16411,6
16412,5
16413,5
16414,6
16415,6
16416,5
16417,5
16418,5
16419,5
16420,5
16421,7
16422,5
16423,6
16424,7
16425,5
16426,5
16427,6
16428,5
16429,6
16430,6
16431,5
16432,5
16433,5
16434,6
16435,6
16436,5
16437,5
16438,5
16439,5
16440,5
16441,5
16442,5
16443,5
16444,5
16445,5
16446,5
16447,5
16448,6
16449,5
16450,5
16451,5
16452,5
16453,5
16454,5
16455,5
16456,6
16457,7
16458,6
16459,6
16460,5
16461,5
16462,6
16463,5
16464,5
16465,6
16466,5
16467,6
16468,5
16469,6
16470,5
16471,5
16472,7
16473,5
16474,6
16475,5
16476,5
16477,5
16478,5
16479,7
16480,5
16481,5
16482,5
16483,5
16484,6
16485,5
16486,5
16487,5
16488,5
16489,5
16490,5
16491,5
16492,6
16493,5
16494,6
16495,5
16496,6
16497,5
16498,5
16499,6
16500,6
16501,6
16502,5
16503,6
16504,5
16505,6
16506,5
16507,5
16508,5
16509,5
16510,5
16511,6
16512,6
16513,5
16514,6
16515,6
16516,5
16517,5
16518,5
16519,5
16520,5
16521,7
16522,6
16523,5
16524,5
16525,7
16526,6
16527,5
16528,5
16529,6
16530,5
16531,6
16532,5
16533,6
16534,5
16535,5
16536,5
16537,6
16538,5
16539,6
16540,5
16541,5
16542,5
16543,6
16544,6
16545,5
16546,6
16547,5
16548,6
16549,5
16550,5
16551,6
16552,5
16553,5
16554,5
16555,6
16556,5
16557,5
16558,7
16559,5
16560,5
16561,5
16562,6
16563,5
16564,7
16565,5
16566,5
16567,5
16568,5
16569,6
16570,6
16571,5
16572,5
16573,5
16574,6
16575,5
16576,6
16577,6
16578,6
16579,5
16580,7
16581,7
16582,5
16583,5
16584,5
16585,5
16586,5
16587,5
16588,5
16589,7
16590,5
16591,6
16592,5
16593,5
16594,5
16595,6
16596,5
16597,5
16598,6
16599,6
16600,6
16601,5
16602,5
16603,5
16604,5
16605,5
16606,5
16607,5
16608,5
16609,5
16610,6
16611,6
16612,5
16613,6
16614,6
16615,5
16616,6
16617,6
16618,5
16619,5
16620,5
16621,6
16622,5
16623,5
16624,5
16625,5
16626,5
16627,5
16628,7
16629,5
16630,5
16631,5
16632,5
16633,6
16634,5
16635,7
16636,6
16637,5
16638,6
16639,6
16640,5
16641,5
16642,5
16643,7
16644,5
16645,6
16646,6
16647,6
16648,6
16649,5
16650,5
16651,5
16652,6
16653,6
16654,5
16655,5
16656,5
16657,6
16658,5
16659,5
16660,6
16661,5
16662,6
16663,6
16664,6
16665,6
16666,6
16667,6
16668,5
16669,5
16670,5
16671,6
16672,5
16673,7
16674,6
16675,5
16676,5
16677,6
16678,5
16679,5
16680,5
16681,6
16682,6
16683,6
16684,6
16685,5
16686,5
16687,5
16688,5
16689,5
16690,6
16691,6
16692,5
16693,6
16694,6
16695,5
16696,7
16697,5
16698,5
16699,6
16700,5
16701,6
16702,5
16703,7
16704,5
16705,6
16706,6
16707,7
16708,5
16709,6
16710,6
16711,5
16712,5
16713,6
16714,7
16715,5
16716,6
16717,5
16718,6
16719,6
16720,6
16721,6
16722,6
16723,6
16724,5
16725,6
16726,6
16727,5
16728,5
16729,6
16730,5
16731,5
16732,5
16733,6
16734,6
16735,6
16736,5
16737,5
16738,5
16739,6
16740,6
16741,5
16742,6
16743,6
16744,5
16745,6
16746,6
16747,6
16748,5
16749,6
16750,5
16751,5
16752,6
16753,5
16754,5
16755,5
16756,5
16757,5
16758,5
16759,5
16760,5
16761,6
16762,6
16763,6
16764,5
16765,6
16766,5
16767,6
16768,5
16769,5
16770,5
16771,6
16772,6
16773,5
16774,6
16775,5
16776,6
16777,6
16778,5
16779,5
16780,5
16781,5
16782,5
16783,6
16784,5
16785,5
16786,6
16787,5
16788,6
16789,6
16790,6
16791,5
16792,5
16793,5
16794,5
16795,6
16796,5
16797,5
16798,5
16799,6
16800,5
16801,5
16802,5
16803,6
16804,7
16805,7
16806,6
16807,6
16808,6
16809,7
16810,5
16811,6
16812,6
16813,5
16814,5
16815,5
16816,6
16817,5
16818,6
16819,6
16820,5
16821,5
16822,6
16823,5
16824,7
16825,5
16826,6
16827,6
16828,6
16829,5
16830,6
16831,6
16832,5
16833,5
16834,6
16835,6
16836,6
16837,5
16838,5
16839,6
16840,5
16841,6
16842,7
16843,5
16844,5
16845,5
16846,7
16847,5
16848,6
16849,6
16850,6
16851,6
16852,5
16853,5
16854,5
16855,5
16856,5
16857,5
16858,5
16859,5
16860,5
16861,6
16862,6
16863,6
16864,5
16865,5
16866,6
16867,5
16868,5
16869,7
16870,5
16871,6
16872,6
16873,7
16874,5
16875,5
16876,5
16877,6
16878,5
16879,5
16880,5
16881,5
16882,5
16883,7
16884,5
16885,6
16886,6
16887,5
16888,6
16889,6
16890,5
16891,6
16892,5
16893,6
16894,5
16895,6
16896,6
16897,5
16898,6
16899,6
16900,5
16901,6
16902,5
16903,6
16904,5
16905,5
16906,6
16907,6
16908,6
16909,5
16910,5
16911,5
16912,5
16913,5
16914,6
16915,5
16916,6
16917,6
16918,6
16919,6
16920,6
16921,5
16922,5
16923,5
16924,6
16925,5
16926,5
16927,5
16928,5
16929,5
16930,5
16931,5
16932,6
16933,5
16934,5
16935,5
16936,5
16937,5
16938,5
16939,5
16940,5
16941,5
16942,5
16943,6
16944,6
16945,5
16946,6
16947,6
16948,7
16949,6
16950,5
16951,5
16952,6
16953,6
16954,6
16955,5
16956,5
16957,5
16958,5
16959,5
16960,5
16961,5
16962,5
16963,5
16964,5
16965,6
16966,5
16967,5
16968,6
16969,5
16970,7
16971,5
16972,5
16973,5
16974,5
16975,7
16976,7
16977,5
16978,5
16979,6
16980,6
16981,6
16982,6
16983,5
16984,5
16985,5
16986,5
16987,7
16988,6
16989,5
16990,5
16991,7
16992,5
16993,6
16994,5
16995,6
16996,5
16997,5
16998,5
16999,5
17000,5
17001,5
17002,5
17003,5
17004,5
17005,6
17006,5
17007,6
17008,6
17009,5
17010,5
17011,7
17012,5
17013,5
17014,6
17015,5
17016,6
17017,5
17018,6
17019,5
17020,5
17021,6
17022,5
17023,5
17024,6
17025,6
17026,6
17027,5
17028,5
17029,6
17030,5
17031,5
17032,6
17033,6
17034,5
17035,5
17036,5
17037,6
17038,5
17039,5
17040,5
17041,5
17042,5
17043,5
17044,7
17045,5
17046,5
17047,6
17048,5
17049,5
17050,5
17051,5
17052,6
17053,5
17054,6
17055,6
17056,6
17057,6
17058,6
17059,6
17060,6
17061,5
17062,6
17063,7
17064,5
17065,7
17066,5
17067,6
17068,5
17069,6
17070,5
17071,5
17072,5
17073,6
17074,5
17075,5
17076,7
17077,6
17078,5
17079,5
17080,6
17081,5
17082,5
17083,6
17084,7
17085,5
17086,5
17087,5
17088,5
17089,5
17090,5
17091,5
17092,5
17093,5
17094,5
17095,5
17096,5
17097,6
17098,5
17099,5
17100,5
17101,5
17102,5
17103,5
17104,6
17105,5
17106,6
17107,5
17108,5
17109,5
17110,6
17111,5
17112,5
17113,5
17114,5
17115,6
17116,6
17117,6
17118,5
17119,6
17120,6
17121,6
17122,6
17123,5
17124,6
17125,5
17126,6
17127,5
17128,6
17129,5
17130,5
17131,6
17132,5
17133,5
17134,6
17135,7
17136,6
17137,5
17138,6
17139,6
17140,5
17141,5
17142,6
17143,5
17144,6
17145,6
17146,5
17147,6
17148,6
17149,5
17150,5
17151,6
17152,5
17153,6
17154,5
17155,5
17156,7
17157,6
17158,5
17159,5
17160,5
17161,6
17162,6
17163,6
17164,5
17165,5
17166,6
17167,6
17168,5
17169,6
17170,6
17171,7
17172,5
17173,5
17174,5
17175,5
17176,6
17177,5
17178,6
17179,5
17180,5
17181,5
17182,5
17183,5
17184,5
17185,5
17186,6
17187,5
17188,6
17189,7
17190,5
17191,5
17192,5
17193,5
17194,5
17195,5
17196,5
17197,6
17198,6
17199,6
17200,6
17201,6
17202,6
17203,5
17204,7
17205,5
17206,6
17207,5
17208,6
17209,5
17210,6
17211,5
17212,6
17213,5
17214,5
17215,5
17216,5
17217,5
17218,6
17219,6
17220,5
17221,6
17222,6
17223,6
17224,6
17225,5
17226,5
17227,5
17228,5
17229,5
17230,5
17231,5
17232,6
17233,6
17234,5
17235,5
17236,5
17237,5
17238,6
17239,5
17240,6
17241,5
17242,5
17243,7
17244,5
17245,5
17246,6
17247,6
17248,6
17249,6
17250,6
17251,6
17252,5
17253,7
17254,5
17255,6
17256,6
17257,6
17258,5
17259,5
17260,6
17261,5
17262,5
17263,5
17264,7
17265,6
17266,6
17267,5
17268,6
17269,6
17270,6
17271,5
17272,5
17273,6
17274,7
17275,5
17276,6
17277,6
17278,6
17279,6
17280,6
17281,5
17282,6
17283,6
17284,5
17285,7
17286,6
17287,5
17288,5
17289,6
17290,5
17291,5
17292,6
17293,6
17294,5
17295,5
17296,5
17297,5
17298,6
17299,5
17300,5
17301,6
17302,6
17303,6
17304,5
17305,5
17306,5
17307,5
17308,5
17309,5
17310,5
17311,5
17312,5
17313,6
17314,6
17315,6
17316,6
17317,5
17318,5
17319,5
17320,5
17321,6
17322,5
17323,7
17324,5
17325,5
17326,6
17327,6
17328,5
17329,5
17330,6
17331,5
17332,6
17333,5
17334,5
17335,5
17336,5
17337,7
17338,5
17339,6
17340,5
17341,5
17342,5
17343,5
17344,5
17345,7
17346,5
17347,6
17348,5
17349,5
17350,6
17351,6
17352,6
17353,7
17354,5
17355,6
17356,5
17357,6
17358,5
17359,6
17360,5
17361,6
17362,6
17363,5
17364,6
17365,5
17366,6
17367,6
17368,6
17369,5
17370,6
17371,5
17372,5
17373,7
17374,6
17375,6
17376,5
17377,6
17378,5
17379,5
17380,6
17381,5
17382,7
17383,5
17384,6
17385,6
17386,6
17387,5
17388,6
17389,6
17390,6
17391,6
17392,6
17393,5
17394,6
17395,5
17396,5
17397,6
17398,5
17399,5
17400,5
17401,5
17402,5
17403,5
17404,6
17405,6
17406,5
17407,5
17408,5
17409,5
17410,5
17411,6
17412,6
17413,5
17414,5
17415,6
17416,5
17417,5
17418,6
17419,6
17420,5
17421,5
17422,6
17423,6
17424,5
17425,5
17426,6
17427,5
17428,5
17429,5
17430,5
17431,6
17432,5
17433,6
17434,6
17435,7
17436,6
17437,6
17438,5
17439,6
17440,7
17441,6
17442,5
17443,5
17444,5
17445,5
17446,5
17447,5
17448,5
17449,6
17450,5
17451,6
17452,6
17453,6
17454,5
17455,6
17456,5
17457,5
17458,5
17459,5
17460,6
17461,5
17462,5
17463,5
17464,5
17465,5
17466,6
17467,6
17468,5
17469,6
17470,5
17471,5
17472,5
17473,5
17474,6
17475,5
17476,6
17477,6
17478,5
17479,5
17480,5
17481,6
17482,5
17483,6
17484,5
17485,5
17486,5
17487,5
17488,6
17489,6
17490,7
17491,5
17492,6
17493,5
17494,5
17495,5
17496,5
17497,6
17498,7
17499,5
17500,6
17501,5
17502,7
17503,5
17504,5
17505,7
17506,5
17507,5
17508,6
17509,5
17510,6
17511,5
17512,5
17513,5
17514,5
17515,5
17516,6
17517,5
17518,6
17519,7
17520,5
17521,5
17522,5
17523,5
17524,5
17525,5
17526,6
17527,7
17528,5
17529,5
17530,5
17531,6
17532,5
17533,6
17534,5
17535,6
17536,5
17537,7
17538,5
17539,6
17540,7
17541,6
17542,5
17543,5
17544,5
17545,6
17546,5
17547,6
17548,5
17549,5
17550,5
17551,5
17552,5
17553,5
17554,6
17555,6
17556,6
17557,5
17558,6
17559,5
17560,6
17561,6
17562,5
17563,5
17564,5
17565,5
17566,6
17567,5
17568,5
17569,5
17570,6
17571,5
17572,5
17573,5
17574,5
17575,6
17576,5
17577,6
17578,5
17579,5
17580,5
17581,5
17582,5
17583,5
17584,6
17585,5
17586,6
17587,5
17588,5
17589,6
17590,5
17591,6
17592,5
17593,5
17594,6
17595,5
17596,6
17597,5
17598,7
17599,6
17600,5
17601,5
17602,5
17603,5
17604,5
17605,7
17606,6
17607,7
17608,5
17609,5
17610,6
17611,5
17612,5
17613,5
17614,5
17615,6
17616,5
17617,5
17618,5
17619,5
17620,5
17621,5
17622,6
17623,5
17624,6
17625,5
17626,6
17627,6
17628,6
17629,7
17630,6
17631,5
17632,5
17633,6
17634,6
17635,6
17636,5
17637,5
17638,6
17639,6
17640,5
17641,6
17642,6
17643,5
17644,5
17645,5
17646,5
17647,5
17648,5
17649,5
17650,6
17651,7
17652,6
17653,5
17654,6
17655,5
17656,6
17657,7
17658,6
17659,5
17660,6
17661,5
17662,5
17663,6
17664,5
17665,5
17666,7
17667,6
17668,5
17669,7
17670,5
17671,5
17672,5
17673,5
17674,5
17675,6
17676,5
17677,5
17678,6
17679,6
17680,5
17681,7
17682,6
17683,5
17684,5
17685,5
17686,7
17687,5
17688,5
17689,5
17690,5
17691,5
17692,5
17693,6
17694,5
17695,5
17696,6
17697,6
17698,5
17699,5
17700,5
17701,5
17702,5
17703,5
17704,5
17705,6
17706,6
17707,6
17708,5
17709,5
17710,6
17711,5
17712,6
17713,5
17714,5
17715,5
17716,5
17717,5
17718,5
17719,6
17720,5
17721,5
17722,6
17723,6
17724,5
17725,5
17726,5
17727,5
17728,5
17729,6
17730,6
17731,6
17732,6
17733,5
17734,6
17735,5
17736,5
17737,6
17738,5
17739,5
17740,5
17741,6
17742,6
17743,7
17744,5
17745,5
17746,5
17747,7
17748,5
17749,6
17750,5
17751,5
17752,5
17753,5
17754,6
17755,6
17756,6
17757,5
17758,5
17759,6
17760,5
17761,5
17762,7
17763,6
17764,6
17765,6
17766,6
17767,6
17768,6
17769,6
17770,5
17771,6
17772,7
17773,5
17774,5
17775,5
17776,5
17777,5
17778,7
17779,5
17780,6
17781,5
17782,5
17783,5
17784,5
17785,5
17786,6
17787,5
17788,6
17789,5
17790,6
17791,6
17792,5
17793,6
17794,5
17795,6
17796,5
17797,6
17798,5
17799,5
17800,6
17801,6
17802,5
17803,5
17804,6
17805,5
17806,5
17807,6
17808,5
17809,5
17810,6
17811,6
17812,7
17813,5
17814,5
17815,5
17816,5
17817,5
17818,5
17819,5
17820,6
17821,6
17822,7
17823,5
17824,5
17825,5
17826,6
17827,7
17828,5
17829,6
17830,5
17831,6
17832,5
17833,6
17834,5
17835,6
17836,6
17837,5
17838,6
17839,6
17840,5
17841,5
17842,7
17843,6
17844,5
17845,6
17846,5
17847,5
17848,5
17849,5
17850,5
17851,5
17852,7
17853,5
17854,6
17855,6
17856,5
17857,5
17858,6
17859,6
17860,5
17861,6
17862,5
17863,5
17864,6
17865,5
17866,6
17867,5
17868,6
17869,5
17870,5
17871,6
17872,5
17873,6
17874,6
17875,6
17876,5
17877,5
17878,6
17879,6
17880,6
17881,5
17882,5
17883,6
17884,5
17885,6
17886,6
17887,5
17888,5
17889,5
17890,6
17891,6
17892,5
17893,6
17894,5
17895,5
17896,5
17897,5
17898,6
17899,5
17900,5
17901,6
17902,5
17903,6
17904,6
17905,5
17906,7
17907,5
17908,7
17909,5
17910,5
17911,5
17912,5
17913,6
17914,5
17915,6
17916,6
17917,5
17918,6
17919,7
17920,6
17921,5
17922,6
17923,5
17924,5
17925,5
17926,5
17927,6
17928,6
17929,5
17930,5
17931,5
17932,5
17933,5
17934,6
17935,5
17936,5
17937,5
17938,5
17939,6
17940,5
17941,6
17942,6
17943,5
17944,6
17945,7
17946,5
17947,5
17948,6
17949,5
17950,5
17951,5
17952,5
17953,5
17954,5
17955,6
17956,5
17957,5
17958,5
17959,6
17960,6
17961,5
17962,6
17963,6
17964,6
17965,5
17966,6
17967,5
17968,6
17969,6
17970,5
17971,6
17972,5
17973,7
17974,5
17975,5
17976,6
17977,5
17978,6
17979,5
17980,5
17981,5
17982,5
17983,5
17984,5
17985,5
17986,5
17987,6
17988,6
17989,5
17990,5
17991,5
17992,5
17993,5
17994,6
17995,5
17996,6
17997,5
17998,7
17999,5
18000,6
18001,5
18002,5
18003,6
18004,5
18005,6
18006,6
18007,5
18008,5
18009,6
18010,5
18011,5
18012,6
18013,7
18014,7
18015,6
18016,6
18017,5
18018,5
18019,5
18020,6
18021,5
18022,5
18023,6
18024,5
18025,7
18026,6
18027,5
18028,5
18029,6
18030,5
18031,6
18032,6
18033,5
18034,5
18035,5
18036,5
18037,5
18038,6
18039,7
18040,5
18041,6
18042,5
18043,5
18044,6
18045,5
18046,6
18047,5
18048,6
18049,5
18050,5
18051,5
18052,5
18053,5
18054,5
18055,5
18056,5
18057,5
18058,5
18059,5
18060,5
18061,5
18062,5
18063,5
18064,5
18065,6
18066,5
18067,7
18068,6
18069,6
18070,5
18071,5
18072,5
18073,6
18074,6
18075,5
18076,5
18077,6
18078,6
18079,6
18080,6
18081,6
18082,6
18083,6
18084,5
18085,5
18086,6
18087,5
18088,5
18089,5
18090,6
18091,5
18092,5
18093,5
18094,5
18095,5
18096,5
18097,6
18098,6
18099,5
18100,6
18101,5
18102,5
18103,5
18104,5
18105,5
18106,5
18107,5
18108,6
18109,5
18110,5
18111,6
18112,6
18113,5
18114,5
18115,5
18116,5
18117,5
18118,5
18119,5
18120,5
18121,6
18122,5
18123,5
18124,5
18125,5
18126,5
18127,6
18128,5
18129,5
18130,6
18131,6
18132,6
18133,6
18134,6
18135,6
18136,7
18137,5
18138,6
18139,7
18140,6
18141,6
18142,5
18143,5
18144,5
18145,5
18146,6
18147,5
18148,6
18149,6
18150,5
18151,5
18152,5
18153,5
18154,6
18155,5
18156,5
18157,5
18158,5
18159,5
18160,5
18161,5
18162,6
18163,5
18164,6
18165,6
18166,5
18167,6
18168,5
18169,6
18170,5
18171,5
18172,5
18173,5
18174,5
18175,6
18176,6
18177,6
18178,5
18179,5
18180,5
18181,5
18182,5
18183,5
18184,6
18185,5
18186,5
18187,5
18188,5
18189,5
18190,6
18191,5
18192,6
18193,5
18194,6
18195,5
18196,5
18197,5
18198,6
18199,5
18200,6
18201,7
18202,5
18203,6
18204,6
18205,6
18206,6
18207,5
18208,5
18209,6
18210,6
18211,6
18212,6
18213,5
18214,6
18215,5
18216,5
18217,5
18218,6
18219,5
18220,5
18221,5
18222,6
18223,5
18224,6
18225,5
18226,5
18227,6
18228,6
18229,5
18230,6
18231,5
18232,5
18233,6
18234,7
18235,5
18236,6
18237,6
18238,5
18239,6
18240,5
18241,5
18242,6
18243,5
18244,6
18245,5
18246,5
18247,5
18248,5
18249,6
18250,5
18251,5
18252,6
18253,6
18254,5
18255,5
18256,6
18257,6
18258,6
18259,6
18260,6
18261,5
18262,6
18263,6
18264,5
18265,5
18266,5
18267,6
18268,5
18269,5
18270,5
18271,6
18272,5
18273,6
18274,5
18275,5
18276,5
18277,6
18278,5
18279,5
18280,5
18281,6
18282,5
18283,5
18284,5
18285,6
18286,6
18287,7
18288,7
18289,5
18290,6
18291,7
18292,6
18293,5
18294,5
18295,5
18296,6
18297,5
18298,5
18299,5
18300,6
18301,5
18302,7
18303,5
18304,6
18305,5
18306,5
18307,5
18308,5
18309,5
18310,6
18311,7
18312,5
18313,6
18314,5
18315,6
18316,5
18317,5
18318,6
18319,5
18320,5
18321,5
18322,6
18323,5
18324,5
18325,5
18326,6
18327,5
18328,5
18329,5
18330,6
18331,5
18332,5
18333,5
18334,6
18335,5
18336,5
18337,5
18338,5
18339,5
18340,5
18341,5
18342,5
18343,5
18344,5
18345,5
18346,5
18347,6
18348,5
18349,5
18350,5
18351,5
18352,6
18353,5
18354,6
18355,5
18356,5
18357,5
18358,5
18359,5
18360,6
18361,5
18362,5
18363,5
18364,5
18365,6
18366,5
18367,6
18368,5
18369,6
18370,5
18371,5
18372,6
18373,5
18374,5
18375,7
18376,5
18377,6
18378,5
18379,6
18380,5
18381,6
18382,5
18383,5
18384,5
18385,5
18386,6
18387,6
18388,6
18389,6
18390,6
18391,6
18392,7
18393,5
18394,6
18395,5
18396,5
18397,6
18398,6
18399,6
18400,5
18401,6
18402,7
18403,5
18404,5
18405,5
18406,5
18407,5
18408,5
18409,6
18410,5
18411,6
18412,5
18413,5
18414,5
18415,6
18416,7
18417,6
18418,6
18419,5
18420,5
18421,5
18422,6
18423,5
18424,6
18425,5
18426,5
18427,5
18428,6
18429,5
18430,5
18431,6
18432,6
18433,5
18434,6
18435,6
18436,5
18437,5
18438,6
18439,6
18440,5
18441,5
18442,5
18443,6
18444,6
18445,5
18446,5
18447,5
18448,5
18449,6
18450,6
18451,5
18452,5
18453,5
18454,6
18455,5
18456,5
18457,5
18458,5
18459,7
18460,6
18461,5
18462,5
18463,5
18464,6
18465,5
18466,5
18467,6
18468,5
18469,6
18470,5
18471,5
18472,6
18473,7
18474,5
18475,5
18476,6
18477,5
18478,5
18479,5
18480,5
18481,5
18482,5
18483,5
18484,5
18485,5
18486,5
18487,5
18488,5
18489,5
18490,5
18491,5
18492,6
18493,5
18494,5
18495,6
18496,6
18497,5
18498,7
18499,5
18500,6
18501,6
18502,5
18503,6
18504,5
18505,5
18506,6
18507,6
18508,6
18509,5
18510,6
18511,6
18512,5
18513,6
18514,5
18515,6
18516,6
18517,5
18518,5
18519,6
18520,5
18521,5
18522,5
18523,5
18524,5
18525,5
18526,5
18527,6
18528,6
18529,5
18530,5
18531,6
18532,5
18533,5
18534,6
18535,5
18536,5
18537,5
18538,6
18539,6
18540,5
18541,5
18542,7
18543,5
18544,6
18545,5
18546,6
18547,5
18548,6
18549,5
18550,7
18551,6
18552,6
18553,5
18554,5
18555,6
18556,5
18557,5
18558,6
18559,6
18560,5
18561,5
18562,5
18563,5
18564,6
18565,5
18566,6
18567,6
18568,6
18569,6
18570,5
18571,5
18572,6
18573,6
18574,5
18575,5
18576,5
18577,5
18578,5
18579,5
18580,6
18581,5
18582,6
18583,6
18584,6
18585,5
18586,5
18587,5
18588,6
18589,5
18590,5
18591,5
18592,6
18593,6
18594,6
18595,6
18596,5
18597,5
18598,5
18599,6
18600,7
18601,5
18602,5
18603,5
18604,5
18605,7
18606,5
18607,6
18608,6
18609,6
18610,5
18611,5
18612,5
18613,5
18614,5
18615,5
18616,5
18617,5
18618,5
18619,6
18620,5
18621,5
18622,6
18623,6
18624,5
18625,6
18626,5
18627,5
18628,5
18629,5
18630,5
18631,6
18632,6
18633,6
18634,5
18635,5
18636,5
18637,6
18638,6
18639,5
18640,5
18641,6
18642,5
18643,6
18644,5
18645,6
18646,7
18647,5
18648,5
18649,5
18650,5
18651,5
18652,5
18653,6
18654,5
18655,5
18656,6
18657,7
18658,6
18659,7
18660,6
18661,6
18662,6
18663,7
18664,5
18665,5
18666,5
18667,5
18668,5
18669,5
18670,5
18671,5
18672,6
18673,5
18674,5
18675,5
18676,5
18677,5
18678,6
18679,6
18680,5
18681,6
18682,5
18683,6
18684,6
18685,6
18686,5
18687,5
18688,5
18689,6
18690,5
18691,5
18692,5
18693,5
18694,5
18695,6
18696,7
18697,5
18698,5
18699,5
18700,5
18701,5
18702,5
18703,5
18704,5
18705,6
18706,5
18707,6
18708,5
18709,5
18710,6
18711,6
18712,5
18713,5
18714,7
18715,6
18716,6
18717,5
18718,7
18719,7
18720,6
18721,5
18722,6
18723,5
18724,5
18725,6
18726,5
18727,5
18728,5
18729,5
18730,5
18731,6
18732,6
18733,5
18734,5
18735,5
18736,5
18737,5
18738,5
18739,5
18740,5
18741,5
18742,6
18743,5
18744,5
18745,6
18746,5
18747,5
18748,6
18749,5
18750,5
18751,5
18752,6
18753,6
18754,5
18755,5
18756,6
18757,6
18758,5
18759,6
18760,5
18761,5
18762,6
18763,5
18764,5
18765,5
18766,5
18767,5
18768,5
18769,6
18770,5
18771,5
18772,6
18773,6
18774,5
18775,5
18776,5
18777,6
18778,6
18779,6
18780,6
18781,5
18782,5
18783,6
18784,5
18785,5
18786,5
18787,5
18788,6
18789,6
18790,6
18791,6
18792,5
18793,6
18794,6
18795,6
18796,6
18797,6
18798,6
18799,5
18800,6
18801,5
18802,6
18803,6
18804,6
18805,6
18806,5
18807,5
18808,5
18809,6
18810,5
18811,6
18812,6
18813,5
18814,6
18815,6
18816,5
18817,5
18818,6
18819,5
18820,7
18821,5
18822,6
18823,5
18824,6
18825,6
18826,6
18827,5
18828,6
18829,6
18830,6
18831,6
18832,6
18833,6
18834,5
18835,6
18836,5
18837,5
18838,5
18839,5
18840,6
18841,6
18842,5
18843,6
18844,5
18845,5
18846,5
18847,6
18848,6
18849,6
18850,6
18851,5
18852,6
18853,6
18854,6
18855,6
18856,5
18857,5
18858,6
18859,6
18860,7
18861,5
18862,6
18863,6
18864,5
18865,5
18866,5
18867,5
18868,5
18869,5
18870,5
18871,7
18872,5
18873,5
18874,6
18875,6
18876,5
18877,5
18878,5
18879,6
18880,6
18881,5
18882,6
18883,5
18884,5
18885,5
18886,5
18887,5
18888,6
18889,5
18890,5
18891,5
18892,5
18893,5
18894,7
18895,6
18896,6
18897,5
18898,5
18899,6
18900,6
18901,5
18902,6
18903,5
18904,6
18905,5
18906,6
18907,5
18908,5
18909,5
18910,5
18911,5
18912,6
18913,5
18914,6
18915,5
18916,5
18917,5
18918,5
18919,5
18920,5
18921,6
18922,6
18923,5
18924,6
18925,6
18926,5
18927,7
18928,6
18929,6
18930,6
18931,6
18932,6
18933,7
18934,5
18935,5
18936,6
18937,5
18938,6
18939,6
18940,6
18941,7
18942,6
18943,5
18944,5
18945,5
18946,5
18947,5
18948,5
18949,6
18950,5
18951,6
18952,5
18953,5
18954,5
18955,6
18956,5
18957,6
18958,6
18959,6
18960,5
18961,6
18962,6
18963,6
18964,5
18965,5
18966,5
18967,5
18968,6
18969,5
18970,5
18971,6
18972,5
18973,5
18974,5
18975,5
18976,7
18977,6
18978,5
18979,6
18980,5
18981,6
18982,6
18983,6
18984,5
18985,6
18986,6
18987,5
18988,5
18989,5
18990,6
18991,6
18992,5
18993,5
18994,6
18995,5
18996,5
18997,5
18998,5
18999,6
19000,7
19001,5
19002,5
19003,5
19004,5
19005,5
19006,5
19007,6
19008,6
19009,6
19010,5
19011,6
19012,6
19013,6
19014,6
19015,5
19016,6
19017,6
19018,5
19019,5
19020,6
19021,5
19022,6
19023,7
19024,5
19025,5
19026,5
19027,6
19028,5
19029,5
19030,6
19031,5
19032,5
19033,6
19034,6
19035,5
19036,6
19037,5
19038,6
19039,5
19040,6
19041,6
19042,5
19043,6
19044,6
19045,6
19046,5
19047,5
19048,6
19049,6
19050,5
19051,6
19052,5
19053,5
19054,5
19055,5
19056,6
19057,6
19058,6
19059,6
19060,5
19061,5
19062,5
19063,6
19064,5
19065,5
19066,5
19067,6
19068,5
19069,5
19070,6
19071,5
19072,5
19073,6
19074,7
19075,5
19076,5
19077,6
19078,6
19079,5
19080,5
19081,6
19082,6
19083,5
19084,7
19085,6
19086,6
19087,6
19088,5
19089,6
19090,5
19091,5
19092,5
19093,5
19094,6
19095,7
19096,5
19097,5
19098,6
19099,5
19100,6
19101,7
19102,5
19103,5
19104,5
19105,6
19106,5
19107,5
19108,5
19109,6
19110,6
19111,5
19112,5
19113,7
19114,6
19115,5
19116,5
19117,5
19118,5
19119,5
19120,7
19121,5
19122,5
19123,5
19124,6
19125,5
19126,7
19127,5
19128,5
19129,5
19130,7
19131,5
19132,5
19133,5
19134,5
19135,6
19136,6
19137,6
19138,7
19139,5
19140,6
19141,6
19142,5
19143,5
19144,5
19145,6
19146,5
19147,5
19148,6
19149,6
19150,5
19151,5
19152,7
19153,5
19154,5
19155,6
19156,5
19157,7
19158,5
19159,5
19160,5
19161,6
19162,5
19163,6
19164,6
19165,5
19166,5
19167,5
19168,5
19169,6
19170,5
19171,5
19172,6
19173,5
19174,5
19175,6
19176,5
19177,6
19178,6
19179,5
19180,5
19181,7
19182,5
19183,6
19184,5
19185,6
19186,5
19187,7
19188,6
19189,5
19190,6
19191,5
19192,6
19193,5
19194,5
19195,6
19196,5
19197,6
19198,5
19199,5
19200,5
19201,6
19202,5
19203,6
19204,5
19205,5
19206,6
19207,5
19208,5
19209,7
19210,5
19211,5
19212,5
19213,5
19214,6
19215,5
19216,6
19217,5
19218,5
19219,5
19220,6
19221,5
19222,6
19223,5
19224,6
19225,6
19226,5
19227,5
19228,5
19229,6
19230,5
19231,5
19232,6
19233,6
19234,6
19235,5
19236,6
19237,7
19238,5
19239,5
19240,5
19241,5
19242,6
19243,5
19244,6
19245,6
19246,5
19247,6
19248,5
19249,6
19250,5
19251,5
19252,5
19253,6
19254,5
19255,5
19256,7
19257,6
19258,5
19259,6
19260,5
19261,7
19262,5
19263,7
19264,5
19265,7
19266,5
19267,5
19268,5
19269,6
19270,5
19271,5
19272,6
19273,5
19274,5
19275,7
19276,6
19277,6
19278,5
19279,6
19280,5
19281,6
19282,6
19283,5
19284,5
19285,5
19286,5
19287,5
19288,5
19289,6
19290,6
19291,6
19292,5
19293,5
19294,5
19295,6
19296,6
19297,6
19298,6
19299,5
19300,5
19301,6
19302,5
19303,5
19304,5
19305,5
19306,5
19307,5
19308,5
19309,6
19310,5
19311,5
19312,5
19313,5
19314,5
19315,5
19316,5
19317,5
19318,5
19319,5
19320,5
19321,5
19322,5
19323,5
19324,5
19325,5
19326,6
19327,5
19328,5
19329,5
19330,5
19331,6
19332,6
19333,5
19334,5
19335,5
19336,5
19337,5
19338,6
19339,6
19340,5
19341,6
19342,6
19343,5
19344,5
19345,5
19346,5
19347,5
19348,6
19349,5
19350,5
19351,6
19352,5
19353,5
19354,5
19355,6
19356,5
19357,5
19358,6
19359,5
19360,5
19361,5
19362,6
19363,6
19364,5
19365,6
19366,6
19367,5
19368,6
19369,6
19370,5
19371,5
19372,5
19373,6
19374,5
19375,5
19376,6
19377,5
19378,5
19379,6
19380,5
19381,5
19382,5
19383,5
19384,5
19385,5
19386,5
19387,5
19388,5
19389,6
19390,6
19391,5
19392,5
19393,6
19394,5
19395,6
19396,5
19397,5
19398,6
19399,5
19400,5
19401,6
19402,5
19403,5
19404,5
19405,5
19406,5
19407,5
19408,6
19409,5
19410,5
19411,5
19412,5
19413,6
19414,5
19415,6
19416,5
19417,6
19418,5
19419,5
19420,5
19421,6
19422,5
19423,5
19424,6
19425,6
19426,5
19427,5
19428,5
19429,5
19430,5
19431,5
19432,7
19433,7
19434,5
19435,6
19436,6
19437,6
19438,5
19439,5
19440,6
19441,6
19442,5
19443,5
19444,5
19445,6
19446,6
19447,6
19448,6
19449,5
19450,5
19451,6
19452,6
19453,5
19454,6
19455,5
19456,7
19457,5
19458,6
19459,6
19460,6
19461,6
19462,5
19463,5
19464,6
19465,5
19466,5
19467,5
19468,7
19469,6
19470,6
19471,5
19472,6
19473,5
19474,5
19475,5
19476,7
19477,6
19478,5
19479,6
19480,5
19481,6
19482,5
19483,5
19484,7
19485,6
19486,5
19487,5
19488,5
19489,6
19490,5
19491,6
19492,5
19493,6
19494,5
19495,5
19496,5
19497,6
19498,5
19499,5
19500,5
19501,6
19502,7
19503,5
19504,5
19505,6
19506,5
19507,5
19508,6
19509,5
19510,6
19511,6
19512,6
19513,6
19514,5
19515,5
19516,6
19517,5
19518,5
19519,5
19520,6
19521,6
19522,5
19523,6
19524,5
19525,6
19526,6
19527,5
19528,5
19529,6
19530,6
19531,5
19532,5
19533,5
19534,6
19535,6
19536,7
19537,6
19538,5
19539,5
19540,5
19541,5
19542,5
19543,5
19544,5
19545,5
19546,6
19547,5
19548,6
19549,6
19550,5
19551,5
19552,5
19553,5
19554,6
19555,5
19556,6
19557,6
19558,6
19559,6
19560,6
19561,6
19562,5
19563,5
19564,5
19565,5
19566,5
19567,6
19568,5
19569,5
19570,6
19571,5
19572,5
19573,5
19574,5
19575,5
19576,5
19577,5
19578,7
19579,6
19580,6
19581,7
19582,6
19583,6
19584,6
19585,7
19586,5
19587,6
19588,5
19589,6
19590,6
19591,5
19592,5
19593,6
19594,5
19595,5
19596,6
19597,5
19598,7
19599,5
19600,5
19601,6
19602,5
19603,5
19604,6
19605,6
19606,5
19607,5
19608,5
19609,5
19610,5
19611,5
19612,6
19613,6
19614,6
19615,5
19616,6
19617,5
19618,5
19619,5
19620,5
19621,5
19622,5
19623,6
19624,6
19625,6
19626,7
19627,5
19628,5
19629,5
19630,5
19631,5
19632,5
19633,6
19634,5
19635,6
19636,6
19637,5
19638,5
19639,5
19640,6
19641,5
19642,6
19643,5
19644,5
19645,6
19646,5
19647,5
19648,5
19649,5
19650,6
19651,6
19652,5
19653,5
19654,5
19655,5
19656,6
19657,6
19658,6
19659,6
19660,5
19661,6
19662,5
19663,6
19664,5
19665,5
19666,5
19667,6
19668,5
19669,6
19670,5
19671,6
19672,5
19673,5
19674,6
19675,6
19676,5
19677,5
19678,7
19679,5
19680,5
19681,5
19682,5
19683,6
19684,5
19685,7
19686,5
19687,5
19688,6
19689,5
19690,5
19691,6
19692,5
19693,5
19694,5
19695,5
19696,5
19697,6
19698,5
19699,5
19700,5
19701,5
19702,5
19703,6
19704,6
19705,7
19706,5
19707,6
19708,7
19709,5
19710,5
19711,5
19712,5
19713,6
19714,5
19715,5
19716,6
19717,6
19718,5
19719,6
19720,5
19721,5
19722,5
19723,5
19724,7
19725,6
19726,6
19727,5
19728,5
19729,6
19730,5
19731,5
19732,5
19733,5
19734,6
19735,6
19736,5
19737,7
19738,5
19739,5
19740,6
19741,6
19742,5
19743,5
19744,5
19745,5
19746,5
19747,5
19748,5
19749,6
19750,5
19751,5
19752,5
19753,6
19754,5
19755,6
19756,5
19757,7
19758,6
19759,5
19760,5
19761,6
19762,6
19763,6
19764,6
19765,5
19766,5
19767,6
19768,5
19769,6
19770,6
19771,6
19772,6
19773,6
19774,6
19775,5
19776,6
19777,5
19778,6
19779,6
19780,5
19781,5
19782,6
19783,5
19784,6
19785,5
19786,5
19787,6
19788,5
19789,6
19790,5
19791,6
19792,7
19793,5
19794,5
19795,6
19796,7
19797,5
19798,5
19799,6
19800,5
19801,5
19802,7
19803,5
19804,5
19805,5
19806,6
19807,5
19808,5
19809,5
19810,6
19811,5
19812,5
19813,6
19814,6
19815,6
19816,6
19817,6
19818,6
19819,5
19820,5
19821,5
19822,6
19823,5
19824,7
19825,5
19826,6
19827,6
19828,5
19829,5
19830,5
19831,5
19832,5
19833,5
19834,5
19835,5
19836,6
19837,5
19838,5
19839,5
19840,5
19841,5
19842,5
19843,5
19844,6
19845,7
19846,5
19847,6
19848,7
19849,5
19850,5
19851,5
19852,5
19853,5
19854,5
19855,5
19856,5
19857,5
19858,5
19859,5
19860,5
19861,5
19862,6
19863,5
19864,5
19865,6
19866,5
19867,5
19868,5
19869,6
19870,5
19871,5
19872,5
19873,5
19874,5
19875,6
19876,5
19877,5
19878,5
19879,5
19880,5
19881,7
19882,5
19883,6
19884,5
19885,5
19886,6
19887,5
19888,5
19889,7
19890,6
19891,6
19892,7
19893,5
19894,5
19895,6
19896,6
19897,6
19898,5
19899,5
19900,6
19901,5
19902,5
19903,5
19904,5
19905,5
19906,5
19907,6
19908,7
19909,6
19910,6
19911,6
19912,5
19913,5
19914,6
19915,6
19916,5
19917,5
19918,7
19919,6
19920,6
19921,5
19922,6
19923,5
19924,5
19925,5
19926,5
19927,6
19928,5
19929,6
19930,7
19931,6
19932,7
19933,5
19934,6
19935,6
19936,5
19937,5
19938,6
19939,5
19940,5
19941,5
19942,5
19943,5
19944,5
19945,5
19946,5
19947,6
19948,6
19949,5
19950,6
19951,5
19952,6
19953,5
19954,5
19955,5
19956,5
19957,5
19958,5
19959,5
19960,5
19961,5
19962,6
19963,6
19964,6
19965,5
19966,7
19967,5
19968,6
19969,7
19970,6
19971,5
19972,5
19973,6
19974,6
19975,6
19976,5
19977,6
19978,6
19979,5
19980,6
19981,5
19982,6
19983,5
19984,6
19985,6
19986,6
19987,6
19988,6
19989,5
19990,5
19991,6
19992,7
19993,5
19994,7
19995,5
19996,5
19997,7
19998,6
19999,7
20000,5
20001,5
20002,6
20003,6
20004,5
20005,5
20006,5
20007,6
20008,5
20009,7
20010,5
20011,5
20012,5
20013,6
20014,7
20015,5
20016,6
20017,5
20018,6
20019,6
20020,6
20021,6
20022,5
20023,5
20024,5
20025,6
20026,5
20027,6
20028,5
20029,5
20030,6
20031,6
20032,5
20033,5
20034,6
20035,5
20036,5
20037,5
20038,6
20039,6
20040,7
20041,5
20042,5
20043,6
20044,5
20045,6
20046,6
20047,6
20048,7
20049,5
20050,5
20051,5
20052,6
20053,6
20054,5
20055,5
20056,5
20057,5
20058,6
20059,6
20060,6
20061,5
20062,6
20063,5
20064,5
20065,6
20066,5
20067,5
20068,5
20069,5
20070,6
20071,5
20072,5
20073,7
20074,6
20075,6
20076,5
20077,6
20078,5
20079,6
20080,5
20081,5
20082,6
20083,5
20084,6
20085,6
20086,5
20087,6
20088,5
20089,6
20090,5
20091,5
20092,5
20093,5
20094,5
20095,6
20096,5
20097,5
20098,6
20099,6
20100,6
20101,5
20102,6
20103,5
20104,6
20105,5
20106,6
20107,5
20108,6
20109,7
20110,5
20111,5
20112,6
20113,6
20114,5
20115,6
20116,5
20117,6
20118,6
20119,5
20120,6
20121,6
20122,6
20123,6
20124,5
20125,5
20126,6
20127,5
20128,5
20129,5
20130,6
20131,6
20132,5
20133,5
20134,5
20135,5
20136,5
20137,6
20138,5
20139,5
20140,6
20141,6
20142,5
20143,5
20144,5
20145,6
20146,6
20147,6
20148,5
20149,6
20150,5
20151,6
20152,7
20153,5
20154,6
20155,5
20156,6
20157,5
20158,5
20159,7
20160,5
20161,5
20162,5
20163,5
20164,6
20165,5
20166,5
20167,5
20168,6
20169,5
20170,6
20171,5
20172,5
20173,7
20174,5
20175,6
20176,5
20177,5
20178,5
20179,5
20180,5
20181,6
20182,5
20183,6
20184,6
20185,5
20186,6
20187,6
20188,7
20189,5
20190,5
20191,6
20192,6
20193,6
20194,5
20195,5
20196,6
20197,6
20198,5
20199,7
20200,6
20201,6
20202,5
20203,5
20204,5
20205,5
20206,5
20207,6
20208,6
20209,5
20210,5
20211,6
20212,5
20213,6
20214,6
20215,7
20216,6
20217,6
20218,5
20219,5
20220,5
20221,5
20222,5
20223,7
20224,5
20225,5
20226,6
20227,5
20228,7
20229,5
20230,5
20231,5
20232,5
20233,6
20234,5
20235,6
20236,5
20237,6
20238,6
20239,6
20240,5
20241,6
20242,5
20243,6
20244,6
20245,5
20246,5
20247,5
20248,6
20249,6
20250,5
20251,6
20252,5
20253,6
20254,6
20255,5
20256,6
20257,6
20258,5
20259,5
20260,5
20261,6
20262,6
20263,5
20264,6
20265,5
20266,5
20267,5
20268,5
20269,5
20270,5
20271,6
20272,6
20273,5
20274,5
20275,6
20276,6
20277,5
20278,5
20279,5
20280,5
20281,5
20282,5
20283,6
20284,5
20285,5
20286,6
20287,5
20288,5
20289,7
20290,6
20291,6
20292,5
20293,5
20294,5
20295,5
20296,5
20297,7
20298,5
20299,5
20300,5
20301,7
20302,6
20303,6
20304,6
20305,5
20306,6
20307,6
20308,5
20309,5
20310,5
20311,5
20312,6
20313,5
20314,6
20315,6
20316,5
20317,5
20318,6
20319,5
20320,7
20321,6
20322,7
20323,5
20324,5
20325,6
20326,5
20327,7
20328,5
20329,5
20330,6
20331,5
20332,5
20333,5
20334,6
20335,5
20336,5
20337,5
20338,6
20339,5
20340,5
20341,6
20342,6
20343,6
20344,6
20345,6
20346,6
20347,5
20348,5
20349,5
20350,5
20351,6
20352,6
20353,6
20354,5
20355,5
20356,7
20357,5
20358,5
20359,7
20360,6
20361,5
20362,5
20363,5
20364,5
20365,6
20366,5
20367,6
20368,6
20369,5
20370,5
20371,6
20372,5
20373,5
20374,6
20375,5
20376,5
20377,5
20378,5
20379,5
20380,6
20381,5
20382,6
20383,6
20384,6
20385,5
20386,6
20387,6
20388,6
20389,5
20390,6
20391,5
20392,5
20393,5
20394,7
20395,5
20396,5
20397,6
20398,6
20399,5
20400,5
20401,5
20402,5
20403,5
20404,6
20405,6
20406,5
20407,6
20408,5
20409,6
20410,7
20411,5
20412,5
20413,6
20414,5
20415,6
20416,5
20417,5
20418,5
20419,5
20420,6
20421,5
20422,5
20423,5
20424,6
20425,5
20426,5
20427,6
20428,5
20429,5
20430,5
20431,6
20432,5
20433,5
20434,5
20435,5
20436,6
20437,5
20438,5
20439,5
20440,6
20441,7
20442,5
20443,5
20444,5
20445,6
20446,6
20447,6
20448,7
20449,6
20450,5
20451,6
20452,6
20453,5
20454,5
20455,5
20456,5
20457,5
20458,5
20459,6
20460,6
20461,7
20462,5
20463,5
20464,5
20465,5
20466,5
20467,5
20468,5
20469,6
20470,7
20471,5
20472,5
20473,6
20474,5
20475,6
20476,6
20477,6
20478,6
20479,5
20480,5
20481,5
20482,6
20483,6
20484,5
20485,6
20486,5
20487,5
20488,5
20489,5
20490,5
20491,5
20492,6
20493,7
20494,6
20495,5
20496,5
20497,6
20498,5
20499,5
20500,5
20501,5
20502,5
20503,6
20504,6
20505,6
20506,6
20507,6
20508,6
20509,6
20510,5
20511,6
20512,5
20513,6
20514,5
20515,5
20516,5
20517,5
20518,5
20519,5
20520,6
20521,6
20522,5
20523,5
20524,5
20525,6
20526,6
20527,5
20528,5
20529,5
20530,6
20531,5
20532,5
20533,5
20534,5
20535,6
20536,5
20537,5
20538,6
20539,5
20540,6
20541,6
20542,6
20543,5
20544,6
20545,5
20546,5
20547,5
20548,5
20549,5
20550,6
20551,6
20552,5
20553,6
20554,5
20555,6
20556,5
20557,5
20558,5
20559,6
20560,6
20561,7
20562,6
20563,6
20564,5
20565,6
20566,6
20567,5
20568,6
20569,5
20570,5
20571,6
20572,5
20573,6
20574,5
20575,5
20576,5
20577,6
20578,5
20579,5
20580,6
20581,5
20582,5
20583,5
20584,5
20585,6
20586,6
20587,6
20588,6
20589,6
20590,6
20591,6
20592,5
20593,6
20594,6
20595,6
20596,6
20597,5
20598,5
20599,5
20600,5
20601,5
20602,5
20603,5
20604,5
20605,5
20606,5
20607,6
20608,5
20609,5
20610,5
20611,5
20612,5
20613,7
20614,5
20615,5
20616,5
20617,6
20618,6
20619,5
20620,6
20621,5
20622,7
20623,5
20624,5
20625,5
20626,5
20627,5
20628,5
20629,5
20630,6
20631,6
20632,6
20633,6
20634,5
20635,5
20636,5
20637,5
20638,5
20639,5
20640,5
20641,6
20642,5
20643,6
20644,5
20645,5
20646,6
20647,6
20648,7
20649,5
20650,6
20651,5
20652,6
20653,7
20654,6
20655,5
20656,5
20657,5
20658,5
20659,5
20660,5
20661,5
20662,5
20663,6
20664,6
20665,5
20666,6
20667,7
20668,5
20669,6
20670,5
20671,6
20672,7
20673,6
20674,7
20675,5
20676,5
20677,6
20678,6
20679,5
20680,7
20681,5
20682,5
20683,5
20684,5
20685,6
20686,5
20687,5
20688,5
20689,5
20690,5
20691,6
20692,6
20693,6
20694,5
20695,5
20696,5
20697,6
20698,5
20699,6
20700,5
20701,6
20702,5
20703,5
20704,6
20705,5
20706,5
20707,5
20708,5
20709,5
20710,5
20711,6
20712,6
20713,5
20714,5
20715,6
20716,5
20717,5
20718,6
20719,5
20720,5
20721,5
20722,5
20723,6
20724,6
20725,5
20726,6
20727,5
20728,5
20729,6
20730,5
20731,5
20732,5
20733,5
20734,5
20735,6
20736,5
20737,5
20738,5
20739,5
20740,5
20741,5
20742,5
20743,6
20744,6
20745,6
20746,5
20747,5
20748,6
20749,6
20750,5
20751,6
20752,6
20753,5
20754,5
20755,6
20756,5
20757,5
20758,6
20759,5
20760,6
20761,6
20762,6
20763,6
20764,5
20765,5
20766,6
20767,5
20768,7
20769,5
20770,7
20771,5
20772,6
20773,6
20774,6
20775,6
20776,5
20777,6
20778,5
20779,6
20780,5
20781,6
20782,5
20783,6
20784,6
20785,5
20786,6
20787,5
20788,5
20789,5
20790,6
20791,5
20792,5
20793,6
20794,5
20795,5
20796,5
20797,6
20798,5
20799,5
20800,5
20801,7
20802,6
20803,6
20804,5
20805,5
20806,7
20807,5
20808,5
20809,5
20810,7
20811,7
20812,6
20813,7
20814,5
20815,6
20816,5
20817,6
20818,5
20819,5
20820,5
20821,5
20822,5
20823,6
20824,6
20825,7
20826,6
20827,5
20828,6
20829,5
20830,6
20831,6
20832,5
20833,6
20834,6
20835,7
20836,7
20837,6
20838,6
20839,5
20840,6
20841,5
20842,6
20843,6
20844,6
20845,6
20846,5
20847,5
20848,5
20849,5
20850,5
20851,7
20852,5
20853,5
20854,5
20855,6
20856,5
20857,6
20858,5
20859,5
20860,5
20861,7
20862,6
20863,5
20864,6
20865,6
20866,5
20867,6
20868,6
20869,5
20870,6
20871,6
20872,5
20873,5
20874,5
20875,5
20876,7
20877,6
20878,5
20879,5
20880,5
20881,6
20882,5
20883,5
20884,6
20885,5
20886,5
20887,6
20888,6
20889,5
20890,6
20891,6
20892,6
20893,6
20894,5
20895,6
20896,6
20897,5
20898,6
20899,6
20900,5
20901,5
20902,5
20903,5
20904,7
20905,6
20906,5
20907,5
20908,6
20909,6
20910,5
20911,7
20912,7
20913,6
20914,6
20915,5
20916,5
20917,5
20918,5
20919,5
20920,5
20921,7
20922,5
20923,5
20924,6
20925,5
20926,5
20927,5
20928,6
20929,6
20930,6
20931,5
20932,6
20933,5
20934,6
20935,5
20936,6
20937,5
20938,6
20939,5
20940,5
20941,5
20942,6
20943,6
20944,5
20945,6
20946,6
20947,7
20948,7
20949,5
20950,5
20951,5
20952,6
20953,6
20954,5
20955,6
20956,5
20957,5
20958,5
20959,5
20960,5
20961,7
20962,5
20963,6
20964,6
20965,6
20966,6
20967,6
20968,6
20969,5
20970,6
20971,6
20972,6
20973,5
20974,5
20975,6
20976,5
20977,5
20978,6
20979,5
20980,6
20981,6
20982,6
20983,6
20984,5
20985,5
20986,6
20987,6
20988,5
20989,5
20990,5
20991,5
20992,5
20993,6
20994,6
20995,7
20996,5
20997,5
20998,5
20999,5
21000,5
21001,6
21002,5
21003,5
21004,6
21005,6
21006,5
21007,6
21008,5
21009,5
21010,5
21011,5
21012,6
21013,5
21014,5
21015,6
21016,5
21017,5
21018,6
21019,5
21020,5
21021,7
21022,5
21023,5
21024,5
21025,6
21026,5
21027,5
21028,5
21029,7
21030,6
21031,5
21032,5
21033,5
21034,6
21035,7
21036,6
21037,6
21038,6
21039,6
21040,5
21041,5
21042,5
21043,5
21044,5
21045,5
21046,6
21047,6
21048,5
21049,5
21050,6
21051,5
21052,6
21053,6
21054,6
21055,5
21056,5
21057,5
21058,5
21059,6
21060,6
21061,5
21062,5
21063,5
21064,6
21065,5
21066,6
21067,5
21068,5
21069,5
21070,6
21071,6
21072,5
21073,6
21074,6
21075,5
21076,6
21077,6
21078,6
21079,6
21080,5
21081,6
21082,5
21083,5
21084,5
21085,6
21086,6
21087,5
21088,6
21089,5
21090,5
21091,6
21092,5
21093,5
21094,5
21095,7
21096,5
21097,6
21098,5
21099,5
21100,5
21101,6
21102,5
21103,6
21104,5
21105,5
21106,5
21107,6
21108,6
21109,5
21110,5
21111,7
21112,6
21113,5
21114,5
21115,5
21116,5
21117,5
21118,6
21119,5
21120,5
21121,5
21122,6
21123,5
21124,5
21125,5
21126,6
21127,7
21128,6
21129,6
21130,5
21131,6
21132,5
21133,7
21134,5
21135,6
21136,5
21137,6
21138,5
21139,6
21140,5
21141,5
21142,6
21143,5
21144,6
21145,6
21146,6
21147,5
21148,6
21149,5
21150,5
21151,6
21152,5
21153,6
21154,6
21155,6
21156,5
21157,6
21158,5
21159,5
21160,5
21161,6
21162,6
21163,5
21164,5
21165,5
21166,5
21167,5
21168,5
21169,6
21170,5
21171,5
21172,6
21173,6
21174,5
21175,5
21176,5
21177,7
21178,5
21179,5
21180,6
21181,5
21182,6
21183,5
21184,5
21185,6
21186,5
21187,6
21188,6
21189,6
21190,5
21191,6
21192,6
21193,6
21194,6
21195,6
21196,5
21197,6
21198,5
21199,5
21200,5
21201,6
21202,5
21203,6
21204,6
21205,5
21206,5
21207,5
21208,5
21209,5
21210,6
21211,5
21212,5
21213,5
21214,6
21215,5
21216,5
21217,5
21218,5
21219,6
21220,7
21221,6
21222,5
21223,5
21224,5
21225,6
21226,6
21227,6
21228,5
21229,6
21230,5
21231,6
21232,6
21233,5
21234,6
21235,5
21236,6
21237,6
21238,5
21239,5
21240,5
21241,5
21242,6
21243,5
21244,5
21245,5
21246,5
21247,5
21248,5
21249,5
21250,5
21251,5
21252,5
21253,5
21254,5
21255,5
21256,5
21257,5
21258,5
21259,5
21260,5
21261,5
21262,5
21263,5
21264,5
21265,7
21266,5
21267,5
21268,5
21269,5
21270,5
21271,6
21272,6
21273,5
21274,5
21275,5
21276,6
21277,6
21278,7
21279,6
21280,5
21281,5
21282,6
21283,6
21284,5
21285,5
21286,5
21287,5
21288,5
21289,5
21290,7
21291,5
21292,6
21293,5
21294,5
21295,6
21296,6
21297,5
21298,5
21299,5
21300,6
21301,5
21302,6
21303,6
21304,6
21305,5
21306,6
21307,5
21308,6
21309,5
21310,5
21311,5
21312,5
21313,5
21314,5
21315,5
21316,5
21317,5
21318,5
21319,5
21320,6
21321,6
21322,6
21323,5
21324,5
21325,5
21326,5
21327,6
21328,6
21329,6
21330,5
21331,5
21332,5
21333,5
21334,5
21335,6
21336,5
21337,6
21338,6
21339,5
21340,7
21341,6
21342,5
21343,5
21344,5
21345,5
21346,6
21347,5
21348,5
21349,5
21350,5
21351,5
21352,5
21353,5
21354,6
21355,5
21356,5
21357,5
21358,5
21359,5
21360,5
21361,6
21362,5
21363,6
21364,7
21365,5
21366,5
21367,5
21368,5
21369,5
21370,5
21371,7
21372,6
21373,5
21374,5
21375,5
21376,6
21377,6
21378,5
21379,5
21380,6
21381,6
21382,6
21383,5
21384,5
21385,6
21386,5
21387,5
21388,5
21389,5
21390,6
21391,5
21392,5
21393,5
21394,6
21395,5
21396,5
21397,6
21398,5
21399,5
21400,5
21401,6
21402,5
21403,5
21404,5
21405,5
21406,6
21407,5
21408,5
21409,7
21410,5
21411,5
21412,6
21413,6
21414,6
21415,5
21416,6
21417,6
21418,5
21419,6
21420,6
21421,6
21422,5
21423,5
21424,5
21425,5
21426,6
21427,7
21428,5
21429,5
21430,5
21431,5
21432,6
21433,7
21434,5
21435,6
21436,7
21437,6
21438,6
21439,5
21440,6
21441,5
21442,6
21443,6
21444,5
21445,5
21446,6
21447,5
21448,6
21449,5
21450,6
21451,5
21452,6
21453,5
21454,5
21455,6
21456,5
21457,6
21458,5
21459,6
21460,6
21461,6
21462,5
21463,5
21464,5
21465,5
21466,6
21467,5
21468,7
21469,5
21470,6
21471,5
21472,5
21473,6
21474,5
21475,5
21476,6
21477,5
21478,5
21479,5
21480,5
21481,5
21482,6
21483,5
21484,5
21485,5
21486,5
21487,5
21488,5
21489,6
21490,5
21491,5
21492,6
21493,5
21494,5
21495,6
21496,6
21497,6
21498,6
21499,5
21500,5
21501,6
21502,5
21503,6
21504,5
21505,7
21506,5
21507,5
21508,5
21509,5
21510,5
21511,5
21512,5
21513,5
21514,6
21515,7
21516,5
21517,6
21518,6
21519,5
21520,6
21521,7
21522,5
21523,5
21524,5
21525,5
21526,5
21527,5
21528,6
21529,6
21530,6
21531,5
21532,6
21533,5
21534,5
21535,6
21536,5
21537,6
21538,5
21539,5
21540,5
21541,5
21542,6
21543,6
21544,5
21545,6
21546,5
21547,5
21548,5
21549,5
21550,5
21551,5
21552,5
21553,5
21554,6
21555,6
21556,5
21557,5
21558,5
21559,5
21560,6
21561,6
21562,7
21563,5
21564,6
21565,5
21566,5
21567,5
21568,7
21569,5
21570,7
21571,5
21572,5
21573,5
21574,5
21575,6
21576,5
21577,6
21578,6
21579,5
21580,5
21581,5
21582,5
21583,5
21584,6
21585,6
21586,6
21587,5
21588,5
21589,5
21590,5
21591,6
21592,5
21593,6
21594,5
21595,5
21596,5
21597,6
21598,5
21599,5
21600,5
21601,5
21602,6
21603,5
21604,6
21605,6
21606,5
21607,5
21608,6
21609,5
21610,5
21611,6
21612,5
21613,5
21614,7
21615,6
21616,7
21617,5
21618,6
21619,6
21620,5
21621,5
21622,6
21623,6
21624,5
21625,5
21626,5
21627,7
21628,5
21629,5
21630,5
21631,5
21632,5
21633,5
21634,5
21635,6
21636,5
21637,5
21638,6
21639,5
21640,6
21641,6
21642,5
21643,6
21644,5
21645,5
21646,5
21647,6
21648,5
21649,5
21650,6
21651,6
21652,6
21653,5
21654,5
21655,5
21656,5
21657,5
21658,5
21659,6
21660,6
21661,6
21662,6
21663,6
21664,6
21665,6
21666,5
21667,6
21668,6
21669,5
21670,5
21671,6
21672,6
21673,6
21674,5
21675,6
21676,5
21677,5
21678,5
21679,6
21680,7
21681,5
21682,6
21683,6
21684,5
21685,5
21686,5
21687,5
21688,6
21689,5
21690,5
21691,6
21692,5
21693,6
21694,5
21695,5
21696,5
21697,5
21698,7
21699,5
21700,6
21701,5
21702,5
21703,6
21704,6
21705,5
21706,6
21707,5
21708,5
21709,5
21710,6
21711,7
21712,5
21713,5
21714,5
21715,5
21716,5
21717,6
21718,5
21719,5
21720,7
21721,6
21722,5
21723,5
21724,5
21725,5
21726,6
21727,6
21728,7
21729,6
21730,5
21731,5
21732,6
21733,5
21734,7
21735,5
21736,6
21737,5
21738,5
21739,5
21740,6
21741,5
21742,5
21743,6
21744,5
21745,6
21746,5
21747,5
21748,5
21749,6
21750,6
21751,6
21752,5
21753,6
21754,5
21755,7
21756,6
21757,6
21758,5
21759,5
21760,6
21761,5
21762,7
21763,6
21764,5
21765,5
21766,5
21767,5
21768,6
21769,5
21770,5
21771,6
21772,6
21773,6
21774,5
21775,5
21776,5
21777,5
21778,5
21779,6
21780,6
21781,6
21782,5
21783,6
21784,6
21785,6
21786,5
21787,5
21788,5
21789,6
21790,5
21791,5
21792,6
21793,5
21794,5
21795,5
21796,5
21797,5
21798,5
21799,5
21800,6
21801,5
21802,5
21803,5
21804,6
21805,5
21806,7
21807,5
21808,5
21809,6
21810,5
21811,5
21812,5
21813,5
21814,7
21815,6
21816,5
21817,6
21818,6
21819,5
21820,6
21821,5
21822,5
21823,6
21824,6
21825,6
21826,5
21827,5
21828,5
21829,5
21830,7
21831,5
21832,5
21833,6
21834,7
21835,7
21836,5
21837,6
21838,5
21839,5
21840,5
21841,5
21842,5
21843,5
21844,5
21845,5
21846,6
21847,5
21848,5
21849,5
21850,5
21851,6
21852,5
21853,5
21854,6
21855,6
21856,5
21857,6
21858,6
21859,5
21860,5
21861,5
21862,6
21863,5
21864,7
21865,6
21866,5
21867,5
21868,5
21869,5
21870,5
21871,5
21872,6
21873,6
21874,7
21875,6
21876,5
21877,5
21878,7
21879,5
21880,6
21881,5
21882,5
21883,5
21884,6
21885,6
21886,6
21887,5
21888,5
21889,5
21890,5
21891,6
21892,6
21893,6
21894,6
21895,5
21896,5
21897,6
21898,5
21899,5
21900,5
21901,5
21902,5
21903,6
21904,5
21905,5
21906,5
21907,5
21908,5
21909,6
21910,5
21911,5
21912,6
21913,5
21914,5
21915,6
21916,6
21917,5
21918,5
21919,6
21920,5
21921,6
21922,5
21923,5
21924,5
21925,5
21926,5
21927,5
21928,5
21929,5
21930,6
21931,5
21932,5
21933,5
21934,5
21935,5
21936,7
21937,5
21938,6
21939,5
21940,6
21941,6
21942,7
21943,5
21944,5
21945,6
21946,5
21947,6
21948,5
21949,5
21950,5
21951,7
21952,5
21953,6
21954,6
21955,6
21956,5
21957,5
21958,5
21959,7
21960,5
21961,6
21962,5
21963,5
21964,5
21965,6
21966,5
21967,5
21968,6
21969,6
21970,5
21971,5
21972,6
21973,6
21974,5
21975,5
21976,5
21977,6
21978,6
21979,5
21980,5
21981,6
21982,5
21983,6
21984,6
21985,5
21986,5
21987,6
21988,5
21989,5
21990,6
21991,5
21992,5
21993,5
21994,5
21995,5
21996,6
21997,5
21998,6
21999,5
22000,6
22001,5
22002,5
22003,6
22004,5
22005,5
22006,7
22007,6
22008,6
22009,7
22010,5
22011,5
22012,6
22013,6
22014,5
22015,5
22016,5
22017,5
22018,5
22019,5
22020,5
22021,5
22022,6
22023,5
22024,6
22025,5
22026,7
22027,5
22028,6
22029,6
22030,5
22031,5
22032,5
22033,6
22034,5
22035,5
22036,6
22037,6
22038,5
22039,5
22040,6
22041,5
22042,5
22043,5
22044,5
22045,5
22046,6
22047,6
22048,6
22049,5
22050,6
22051,6
22052,5
22053,6
22054,7
22055,6
22056,6
22057,6
22058,5
22059,6
22060,6
22061,5
22062,5
22063,5
22064,6
22065,5
22066,5
22067,5
22068,5
22069,5
22070,5
22071,5
22072,5
22073,6
22074,5
22075,5
22076,5
22077,6
22078,6
22079,6
22080,6
22081,5
22082,5
22083,6
22084,5
22085,5
22086,6
22087,7
22088,5
22089,6
22090,5
22091,5
22092,5
22093,6
22094,5
22095,5
22096,7
22097,5
22098,5
22099,6
22100,6
22101,5
22102,7
22103,6
22104,5
22105,5
22106,5
22107,5
22108,5
22109,5
22110,5
22111,7
22112,5
22113,6
22114,5
22115,5
22116,6
22117,5
22118,7
22119,6
22120,5
22121,5
22122,5
22123,7
22124,6
22125,5
22126,5
22127,5
22128,7
22129,6
22130,5
22131,6
22132,5
22133,6
22134,5
22135,5
22136,5
22137,5
22138,6
22139,6
22140,7
22141,5
22142,5
22143,7
22144,5
22145,7
22146,5
22147,5
22148,5
22149,6
22150,5
22151,5
22152,6
22153,5
22154,6
22155,6
22156,5
22157,5
22158,5
22159,5
22160,5
22161,5
22162,7
22163,5
22164,6
22165,5
22166,5
22167,6
22168,5
22169,5
22170,7
22171,6
22172,6
22173,6
22174,5
22175,6
22176,7
22177,5
22178,5
22179,5
22180,5
22181,5
22182,6
22183,5
22184,5
22185,7
22186,7
22187,7
22188,6
22189,5
22190,5
22191,5
22192,5
22193,6
22194,6
22195,5
22196,5
22197,5
22198,5
22199,6
22200,6
22201,5
22202,5
22203,6
22204,6
22205,5
22206,5
22207,5
22208,5
22209,5
22210,5
22211,5
22212,6
22213,5
22214,5
22215,7
22216,5
22217,5
22218,6
22219,5
22220,5
22221,5
22222,6
22223,6
22224,6
22225,5
22226,7
22227,6
22228,6
22229,5
22230,6
22231,6
22232,5
22233,5
22234,5
22235,6
22236,5
22237,5
22238,5
22239,5
22240,6
22241,6
22242,6
22243,6
22244,5
22245,5
22246,5
22247,5
22248,5
22249,5
22250,5
22251,7
22252,5
22253,5
22254,6
22255,6
22256,5
22257,5
22258,6
22259,5
22260,5
22261,5
22262,7
22263,5
22264,6
22265,6
22266,6
22267,6
22268,6
22269,5
22270,6
22271,5
22272,5
22273,6
22274,6
22275,5
22276,5
22277,5
22278,6
22279,7
22280,6
22281,5
22282,5
22283,5
22284,5
22285,6
22286,6
22287,5
22288,6
22289,6
22290,5
22291,7
22292,6
22293,5
22294,5
22295,5
22296,5
22297,5
22298,7
22299,5
22300,6
22301,5
22302,5
22303,5
22304,5
22305,5
22306,6
22307,6
22308,5
22309,5
22310,5
22311,6
22312,6
22313,7
22314,6
22315,7
22316,6
22317,6
22318,5
22319,5
22320,7
22321,5
22322,5
22323,5
22324,5
22325,5
22326,5
22327,5
22328,6
22329,5
22330,5
22331,6
22332,5
22333,5
22334,5
22335,5
22336,7
22337,6
22338,7
22339,7
22340,5
22341,5
22342,6
22343,7
22344,5
22345,6
22346,5
22347,7
22348,6
22349,5
22350,6
22351,6
22352,5
22353,5
22354,5
22355,5
22356,6
22357,5
22358,5
22359,7
22360,5
22361,7
22362,7
22363,6
22364,6
22365,6
22366,6
22367,5
22368,6
22369,6
22370,5
22371,5
22372,5
22373,5
22374,6
22375,6
22376,5
22377,5
22378,5
22379,6
22380,5
22381,6
22382,5
22383,5
22384,5
22385,6
22386,6
22387,6
22388,6
22389,5
22390,6
22391,6
22392,5
22393,5
22394,5
22395,5
22396,6
22397,7
22398,6
22399,6
22400,5
22401,5
22402,5
22403,6
22404,5
22405,6
22406,6
22407,6
22408,5
22409,5
22410,6
22411,5
22412,5
22413,6
22414,5
22415,5
22416,5
22417,6
22418,5
22419,5
22420,5
22421,6
22422,6
22423,5
22424,5
22425,6
22426,5
22427,6
22428,5
22429,5
22430,5
22431,6
22432,5
22433,5
22434,5
22435,5
22436,5
22437,6
22438,5
22439,6
22440,5
22441,5
22442,6
22443,5
22444,6
22445,5
22446,5
22447,5
22448,6
22449,5
22450,5
22451,6
22452,6
22453,5
22454,5
22455,5
22456,6
22457,6
22458,5
22459,5
22460,5
22461,6
22462,6
22463,6
22464,5
22465,5
22466,5
22467,5
22468,5
22469,5
22470,5
22471,5
22472,6
22473,5
22474,5
22475,5
22476,5
22477,6
22478,7
22479,5
22480,6
22481,5
22482,5
22483,7
22484,6
22485,5
22486,5
22487,6
22488,5
22489,6
22490,5
22491,5
22492,5
22493,5
22494,5
22495,5
22496,5
22497,6
22498,5
22499,5
22500,6
22501,5
22502,7
22503,6
22504,6
22505,6
22506,5
22507,5
22508,6
22509,6
22510,7
22511,6
22512,5
22513,6
22514,6
22515,5
22516,6
22517,6
22518,6
22519,5
22520,6
22521,6
22522,7
22523,5
22524,5
22525,5
22526,5
22527,5
22528,5
22529,6
22530,6
22531,5
22532,7
22533,5
22534,5
22535,6
22536,5
22537,5
22538,5
22539,6
22540,5
22541,6
22542,5
22543,7
22544,6
22545,6
22546,5
22547,6
22548,5
22549,6
22550,6
22551,6
22552,5
22553,6
22554,5
22555,5
22556,5
22557,5
22558,5
22559,5
22560,5
22561,5
22562,5
22563,6
22564,5
22565,6
22566,6
22567,5
22568,6
22569,5
22570,5
22571,6
22572,5
22573,7
22574,5
22575,5
22576,5
22577,6
22578,5
22579,5
22580,6
22581,5
22582,5
22583,6
22584,5
22585,5
22586,5
22587,5
22588,6
22589,5
22590,5
22591,7
22592,5
22593,5
22594,5
22595,5
22596,6
22597,6
22598,6
22599,6
22600,5
22601,5
22602,7
22603,5
22604,5
22605,6
22606,6
22607,5
22608,5
22609,5
22610,6
22611,5
22612,5
22613,6
22614,6
22615,6
22616,5
22617,6
22618,5
22619,6
22620,5
22621,6
22622,5
22623,6
22624,5
22625,5
22626,7
22627,5
22628,6
22629,5
22630,5
22631,6
22632,6
22633,5
22634,5
22635,5
22636,5
22637,6
22638,5
22639,5
22640,5
22641,5
22642,6
22643,6
22644,5
22645,5
22646,7
22647,5
22648,6
22649,5
22650,5
22651,5
22652,5
22653,5
22654,5
22655,5
22656,5
22657,5
22658,5
22659,5
22660,5
22661,5
22662,5
22663,5
22664,6
22665,5
22666,5
22667,5
22668,7
22669,5
22670,5
22671,5
22672,5
22673,6
22674,6
22675,5
22676,5
22677,6
22678,6
22679,5
22680,5
22681,5
22682,6
22683,6
22684,5
22685,5
22686,5
22687,7
22688,6
22689,5
22690,6
22691,6
22692,6
22693,5
22694,5
22695,6
22696,5
22697,6
22698,5
22699,5
22700,5
22701,6
22702,5
22703,5
22704,5
22705,5
22706,5
22707,6
22708,5
22709,5
22710,5
22711,5
22712,6
22713,5
22714,6
22715,6
22716,5
22717,5
22718,5
22719,6
22720,5
22721,5
22722,5
22723,5
22724,5
22725,7
22726,6
22727,6
22728,5
22729,5
22730,7
22731,5
22732,5
22733,5
22734,5
22735,5
22736,6
22737,6
22738,5
22739,6
22740,5
22741,5
22742,5
22743,5
22744,5
22745,7
22746,5
22747,5
22748,5
22749,5
22750,5
22751,6
22752,5
22753,7
22754,7
22755,6
22756,6
22757,6
22758,5
22759,5
22760,5
22761,6
22762,5
22763,6
22764,5
22765,5
22766,6
22767,6
22768,6
22769,5
22770,5
22771,5
22772,6
22773,6
22774,7
22775,6
22776,6
22777,5
22778,6
22779,6
22780,5
22781,6
22782,6
22783,6
22784,5
22785,6
22786,5
22787,5
22788,5
22789,5
22790,6
22791,6
22792,5
22793,5
22794,5
22795,6
22796,5
22797,7
22798,6
22799,5
22800,6
22801,5
22802,5
22803,5
22804,5
22805,6
22806,6
22807,5
22808,5
22809,6
22810,6
22811,5
22812,5
22813,5
22814,5
22815,6
22816,5
22817,6
22818,5
22819,5
22820,5
22821,5
22822,5
22823,5
22824,5
22825,6
22826,5
22827,6
22828,5
22829,5
22830,5
22831,5
22832,6
22833,5
22834,6
22835,5
22836,6
22837,5
22838,5
22839,5
22840,5
22841,5
22842,6
22843,5
22844,6
22845,7
22846,5
22847,5
22848,5
22849,6
22850,5
22851,5
22852,5
22853,5
22854,6
22855,6
22856,5
22857,5
22858,5
22859,7
22860,5
22861,7
22862,5
22863,5
22864,5
22865,6
22866,5
22867,6
22868,5
22869,5
22870,5
22871,6
22872,5
22873,6
22874,5
22875,6
22876,6
22877,5
22878,6
22879,5
22880,5
22881,6
22882,5
22883,5
22884,5
22885,6
22886,6
22887,5
22888,5
22889,5
22890,7
22891,5
22892,5
22893,5
22894,5
22895,6
22896,5
22897,6
22898,6
22899,5
22900,5
22901,5
22902,7
22903,5
22904,5
22905,5
22906,5
22907,5
22908,5
22909,5
22910,6
22911,6
22912,5
22913,5
22914,5
22915,7
22916,5
22917,6
22918,5
22919,5
22920,5
22921,5
22922,7
22923,5
22924,6
22925,5
22926,6
22927,7
22928,5
22929,6
22930,7
22931,5
22932,6
22933,5
22934,7
22935,5
22936,5
22937,6
22938,5
22939,6
22940,6
22941,6
22942,5
22943,6
22944,6
22945,5
22946,6
22947,5
22948,5
22949,5
22950,6
22951,6
22952,6
22953,5
22954,5
22955,5
22956,5
22957,6
22958,5
22959,5
22960,5
22961,6
22962,5
22963,5
22964,5
22965,5
22966,6
22967,6
22968,6
22969,6
22970,5
22971,5
22972,5
22973,5
22974,7
22975,5
22976,6
22977,5
22978,5
22979,7
22980,5
22981,5
22982,6
22983,6
22984,5
22985,5
22986,7
22987,6
22988,5
22989,5
22990,5
22991,6
22992,6
22993,5
22994,6
22995,6
22996,5
22997,6
22998,5
22999,5
23000,5
23001,5
23002,7
23003,5
23004,6
23005,6
23006,5
23007,5
23008,6
23009,5
23010,7
23011,5
23012,7
23013,5
23014,5
23015,6
23016,5
23017,6
23018,5
23019,6
23020,5
23021,5
23022,5
23023,6
23024,5
23025,5
23026,5
23027,5
23028,5
23029,5
23030,6
23031,6
23032,6
23033,6
23034,5
23035,6
23036,5
23037,6
23038,7
23039,6
23040,5
23041,5
23042,5
23043,6
23044,6
23045,6
23046,6
23047,5
23048,6
23049,6
23050,5
23051,6
23052,6
23053,6
23054,6
23055,5
23056,6
23057,5
23058,5
23059,5
23060,5
23061,6
23062,6
23063,7
23064,5
23065,5
23066,5
23067,6
23068,5
23069,6
23070,6
23071,6
23072,5
23073,6
23074,6
23075,6
23076,6
23077,6
23078,5
23079,6
23080,6
23081,5
23082,6
23083,6
23084,5
23085,7
23086,5
23087,5
23088,5
23089,5
23090,6
23091,6
23092,6
23093,6
23094,6
23095,5
23096,5
23097,5
23098,5
23099,5
23100,5
23101,5
23102,6
23103,5
23104,6
23105,5
23106,5
23107,6
23108,5
23109,6
23110,6
23111,6
23112,5
23113,6
23114,5
23115,6
23116,6
23117,6
23118,6
23119,5
23120,5
23121,6
23122,6
23123,6
23124,6
23125,5
23126,5
23127,5
23128,6
23129,5
23130,5
23131,6
23132,5
23133,6
23134,6
23135,6
23136,5
23137,5
23138,6
23139,5
23140,5
23141,6
23142,5
23143,5
23144,5
23145,5
23146,6
23147,6
23148,5
23149,6
23150,6
23151,6
23152,7
23153,5
23154,6
23155,5
23156,5
23157,6
23158,5
23159,5
23160,5
23161,5
23162,6
23163,5
23164,5
23165,5
23166,5
23167,5
23168,5
23169,6
23170,5
23171,5
23172,7
23173,6
23174,5
23175,5
23176,6
23177,6
23178,6
23179,5
23180,7
23181,5
23182,5
23183,5
23184,6
23185,6
23186,5
23187,5
23188,7
23189,5
23190,5
23191,7
23192,7
23193,5
23194,5
23195,5
23196,5
23197,5
23198,5
23199,5
23200,5
23201,6
23202,5
23203,5
23204,5
23205,5
23206,5
23207,5
23208,6
23209,7
23210,5
23211,5
23212,5
23213,5
23214,5
23215,5
23216,6
23217,5
23218,6
23219,5
23220,6
23221,5
23222,5
23223,5
23224,5
23225,6
23226,5
23227,5
23228,5
23229,5
23230,5
23231,5
23232,5
23233,6
23234,6
23235,6
23236,5
23237,5
23238,5
23239,5
23240,6
23241,6
23242,5
23243,5
23244,5
23245,5
23246,5
23247,5
23248,6
23249,5
23250,6
23251,5
23252,5
23253,5
23254,7
23255,5
23256,6
23257,6
23258,6
23259,5
23260,5
23261,5
23262,5
23263,5
23264,6
23265,5
23266,5
23267,5
23268,7
23269,6
23270,5
23271,5
23272,5
23273,6
23274,6
23275,5
23276,5
23277,6
23278,5
23279,5
23280,6
23281,5
23282,5
23283,6
23284,5
23285,5
23286,5
23287,5
23288,5
23289,6
23290,7
23291,5
23292,7
23293,5
23294,6
23295,5
23296,6
23297,7
23298,6
23299,5
23300,5
23301,5
23302,7
23303,7
23304,5
23305,7
23306,5
23307,5
23308,5
23309,6
23310,5
23311,7
23312,5
23313,6
23314,5
23315,5
23316,7
23317,5
23318,5
23319,5
23320,6
23321,6
23322,5
23323,6
23324,7
23325,5
23326,5
23327,5
23328,6
23329,5
23330,5
23331,5
23332,5
23333,5
23334,6
23335,7
23336,5
23337,5
23338,6
23339,5
23340,5
23341,5
23342,5
23343,6
23344,5
23345,7
23346,5
23347,5
23348,6
23349,5
23350,6
23351,5
23352,6
23353,7
23354,5
23355,5
23356,6
23357,5
23358,5
23359,5
23360,5
23361,5
23362,5
23363,5
23364,6
23365,5
23366,5
23367,5
23368,5
23369,5
23370,5
23371,5
23372,5
23373,6
23374,6
23375,5
23376,6
23377,7
23378,6
23379,5
23380,6
23381,6
23382,6
23383,5
23384,6
23385,6
23386,5
23387,5
23388,5
23389,6
23390,5
23391,5
23392,6
23393,6
23394,6
23395,5
23396,5
23397,5
23398,6
23399,6
23400,5
23401,6
23402,5
23403,5
23404,5
23405,5
23406,6
23407,5
23408,5
23409,6
23410,5
23411,5
23412,5
23413,6
23414,6
23415,5
23416,6
23417,5
23418,6
23419,6
23420,5
23421,5
23422,5
23423,5
23424,6
23425,5
23426,5
23427,5
23428,6
23429,5
23430,5
23431,5
23432,6
23433,7
23434,6
23435,6
23436,6
23437,5
23438,5
23439,6
23440,6
23441,7
23442,5
23443,6
23444,5
23445,7
23446,7
23447,5
23448,6
23449,5
23450,7
23451,5
23452,5
23453,6
23454,6
23455,5
23456,6
23457,5
23458,5
23459,5
23460,6
23461,6
23462,5
23463,5
23464,6
23465,5
23466,7
23467,6
23468,5
23469,6
23470,6
23471,6
23472,6
23473,6
23474,5
23475,7
23476,5
23477,6
23478,5
23479,5
23480,6
23481,5
23482,5
23483,5
23484,5
23485,5
23486,6
23487,6
23488,6
23489,6
23490,7
23491,5
23492,6
23493,7
23494,5
23495,5
23496,5
23497,6
23498,5
23499,5
23500,6
23501,5
23502,5
23503,5
23504,6
23505,6
23506,5
23507,6
23508,5
23509,6
23510,5
23511,5
23512,7
23513,5
23514,5
23515,5
23516,5
23517,5
23518,6
23519,5
23520,6
23521,5
23522,6
23523,6
23524,5
23525,5
23526,5
23527,5
23528,5
23529,5
23530,5
23531,5
23532,5
23533,5
23534,6
23535,5
23536,6
23537,5
23538,5
23539,6
23540,6
23541,5
23542,5
23543,5
23544,5
23545,6
23546,5
23547,6
23548,6
23549,7
23550,5
23551,5
23552,5
23553,5
23554,6
23555,6
23556,5
23557,5
23558,6
23559,6
23560,5
23561,5
23562,5
23563,5
23564,5
23565,7
23566,6
23567,7
23568,6
23569,5
23570,5
23571,5
23572,5
23573,5
23574,5
23575,5
23576,6
23577,5
23578,6
23579,5
23580,6
23581,6
23582,6
23583,6
23584,5
23585,5
23586,7
23587,5
23588,5
23589,5
23590,6
23591,5
23592,5
23593,5
23594,7
23595,7
23596,6
23597,6
23598,6
23599,5
23600,7
23601,6
23602,5
23603,5
23604,5
23605,6
23606,5
23607,5
23608,5
23609,5
23610,6
23611,6
23612,6
23613,5
23614,5
23615,6
23616,5
23617,5
23618,6
23619,6
23620,6
23621,7
23622,6
23623,6
23624,5
23625,5
23626,7
23627,5
23628,5
23629,5
23630,6
23631,5
23632,5
23633,5
23634,6
23635,5
23636,5
23637,5
23638,6
23639,6
23640,5
23641,6
23642,6
23643,5
23644,7
23645,5
23646,6
23647,5
23648,5
23649,6
23650,6
23651,6
23652,5
23653,6
23654,6
23655,6
23656,6
23657,7
23658,6
23659,6
23660,5
23661,5
23662,7
23663,6
23664,5
23665,6
23666,5
23667,5
23668,5
23669,5
23670,5
23671,5
23672,7
23673,5
23674,5
23675,5
23676,5
23677,5
23678,6
23679,5
23680,5
23681,5
23682,5
23683,5
23684,6
23685,5
23686,6
23687,5
23688,6
23689,5
23690,5
23691,5
23692,6
23693,5
23694,6
23695,6
23696,5
23697,5
23698,5
23699,5
23700,7
23701,5
23702,5
23703,5
23704,6
23705,5
23706,6
23707,5
23708,7
23709,7
23710,5
23711,6
23712,5
23713,7
23714,5
23715,6
23716,6
23717,6
23718,6
23719,6
23720,6
23721,6
23722,5
23723,6
23724,5
23725,6
23726,6
23727,5
23728,6
23729,5
23730,5
23731,5
23732,5
23733,6
23734,5
23735,6
23736,5
23737,5
23738,5
23739,5
23740,6
23741,5
23742,6
23743,5
23744,5
23745,5
23746,5
23747,5
23748,5
23749,5
23750,6
23751,5
23752,5
23753,5
23754,6
23755,5
23756,5
23757,7
23758,5
23759,6
23760,6
23761,5
23762,6
23763,5
23764,5
23765,6
23766,6
23767,5
23768,6
23769,5
23770,5
23771,5
23772,5
23773,5
23774,5
23775,6
23776,5
23777,6
23778,6
23779,5
23780,5
23781,6
23782,5
23783,7
23784,5
23785,6
23786,5
23787,6
23788,6
23789,5
23790,5
23791,5
23792,5
23793,5
23794,7
23795,5
23796,5
23797,5
23798,7
23799,5
23800,5
23801,5
23802,6
23803,5
23804,5
23805,6
23806,5
23807,5
23808,6
23809,5
23810,5
23811,5
23812,5
23813,5
23814,5
23815,6
23816,5
23817,5
23818,6
23819,5
23820,5
23821,6
23822,6
23823,5
23824,5
23825,5
23826,7
23827,5
23828,6
23829,5
23830,5
23831,6
23832,5
23833,5
23834,6
23835,5
23836,6
23837,6
23838,7
23839,5
23840,6
23841,5
23842,6
23843,6
23844,5
23845,6
23846,5
23847,5
23848,7
23849,6
23850,6
23851,5
23852,7
23853,5
23854,5
23855,6
23856,5
23857,5
23858,5
23859,6
23860,6
23861,5
23862,5
23863,6
23864,5
23865,5
23866,5
23867,5
23868,6
23869,5
23870,5
23871,6
23872,5
23873,6
23874,6
23875,6
23876,5
23877,6
23878,6
23879,6
23880,6
23881,5
23882,5
23883,7
23884,6
23885,5
23886,6
23887,6
23888,6
23889,5
23890,7
23891,6
23892,5
23893,5
23894,6
23895,5
23896,5
23897,6
23898,6
23899,5
23900,5
23901,5
23902,5
23903,6
23904,5
23905,5
23906,6
23907,7
23908,5
23909,5
23910,5
23911,5
23912,6
23913,6
23914,5
23915,5
23916,6
23917,5
23918,7
23919,6
23920,5
23921,6
23922,5
23923,7
23924,7
23925,5
23926,7
23927,5
23928,6
23929,5
23930,5
23931,6
23932,5
23933,5
23934,5
23935,6
23936,5
23937,5
23938,5
23939,6
23940,7
23941,5
23942,5
23943,6
23944,5
23945,5
23946,6
23947,5
23948,6
23949,6
23950,5
23951,5
23952,5
23953,5
23954,5
23955,5
23956,6
23957,5
23958,6
23959,5
23960,5
23961,6
23962,5
23963,6
23964,6
23965,5
23966,6
23967,5
23968,5
23969,7
23970,5
23971,5
23972,7
23973,5
23974,5
23975,5
23976,6
23977,5
23978,5
23979,5
23980,6
23981,7
23982,5
23983,5
23984,6
23985,6
23986,5
23987,5
23988,5
23989,7
23990,6
23991,6
23992,5
23993,5
23994,5
23995,5
23996,5
23997,6
23998,6
23999,5
24000,5
24001,6
24002,5
24003,6
24004,6
24005,5
24006,7
24007,5
24008,5
24009,5
24010,5
24011,5
24012,5
24013,5
24014,5
24015,5
24016,6
24017,6
24018,6
24019,6
24020,5
24021,6
24022,7
24023,5
24024,5
24025,5
24026,5
24027,6
24028,6
24029,5
24030,6
24031,5
24032,5
24033,5
24034,7
24035,6
24036,5
24037,5
24038,5
24039,5
24040,5
24041,7
24042,5
24043,5
24044,6
24045,6
24046,5
24047,6
24048,5
24049,5
24050,5
24051,5
24052,5
24053,5
24054,6
24055,5
24056,7
24057,6
24058,7
24059,5
24060,5
24061,5
24062,6
24063,5
24064,6
24065,5
24066,6
24067,5
24068,6
24069,5
24070,6
24071,5
24072,5
24073,6
24074,5
24075,5
24076,6
24077,5
24078,5
24079,5
24080,5
24081,5
24082,6
24083,6
24084,5
24085,5
24086,5
24087,6
24088,5
24089,6
24090,6
24091,5
24092,6
24093,6
24094,5
24095,6
24096,5
24097,6
24098,6
24099,5
24100,6
24101,5
24102,6
24103,5
24104,5
24105,5
24106,5
24107,6
24108,6
24109,7
24110,5
24111,6
24112,5
24113,5
24114,5
24115,6
24116,5
24117,5
24118,6
24119,5
24120,5
24121,5
24122,5
24123,5
24124,5
24125,6
24126,7
24127,5
24128,6
24129,5
24130,6
24131,6
24132,6
24133,5
24134,5
24135,7
24136,6
24137,5
24138,6
24139,5
24140,6
24141,5
24142,5
24143,5
24144,6
24145,6
24146,5
24147,5
24148,5
24149,6
24150,6
24151,7
24152,6
24153,5
24154,5
24155,5
24156,5
24157,5
24158,6
24159,5
24160,7
24161,6
24162,5
24163,5
24164,5
24165,6
24166,5
24167,6
24168,6
24169,5
24170,5
24171,5
24172,5
24173,5
24174,5
24175,6
24176,6
24177,5
24178,6
24179,6
24180,5
24181,5
24182,6
24183,5
24184,5
24185,5
24186,7
24187,5
24188,6
24189,5
24190,7
24191,5
24192,5
24193,5
24194,6
24195,6
24196,7
24197,5
24198,5
24199,5
24200,5
24201,5
24202,5
24203,5
24204,5
24205,5
24206,5
24207,6
24208,5
24209,5
24210,6
24211,5
24212,5
24213,6
24214,7
24215,6
24216,6
24217,5
24218,5
24219,5
24220,5
24221,6
24222,6
24223,6
24224,5
24225,7
24226,5
24227,5
24228,6
24229,6
24230,5
24231,5
24232,6
24233,6
24234,5
24235,5
24236,6
24237,6
24238,5
24239,5
24240,6
24241,6
24242,5
24243,5
24244,7
24245,6
24246,5
24247,6
24248,5
24249,6
24250,5
24251,5
24252,5
24253,5
24254,6
24255,5
24256,6
24257,5
24258,5
24259,6
24260,5
24261,5
24262,6
24263,6
24264,6
24265,5
24266,5
24267,5
24268,6
24269,5
24270,5
24271,6
24272,5
24273,5
24274,6
24275,5
24276,5
24277,6
24278,6
24279,6
24280,6
24281,5
24282,7
24283,7
24284,6
24285,6
24286,5
24287,5
24288,6
24289,6
24290,5
24291,5
24292,5
24293,6
24294,5
24295,5
24296,5
24297,5
24298,7
24299,7
24300,7
24301,6
24302,6
24303,6
24304,6
24305,5
24306,5
24307,5
24308,5
24309,6
24310,7
24311,5
24312,5
24313,5
24314,6
24315,6
24316,5
24317,6
24318,6
24319,6
24320,5
24321,5
24322,5
24323,5
24324,5
24325,6
24326,5
24327,6
24328,5
24329,5
24330,6
24331,5
24332,5
24333,6
24334,6
24335,6
24336,5
24337,5
24338,5
24339,5
24340,6
24341,5
24342,6
24343,7
24344,5
24345,5
24346,5
24347,7
24348,6
24349,6
24350,5
24351,6
24352,6
24353,5
24354,5
24355,5
24356,5
24357,6
24358,5
24359,6
24360,5
24361,5
24362,5
24363,5
24364,6
24365,5
24366,5
24367,5
24368,5
24369,5
24370,6
24371,5
24372,6
24373,5
24374,6
24375,5
24376,6
24377,6
24378,5
24379,6
24380,6
24381,5
24382,6
24383,5
24384,6
24385,5
24386,5
24387,5
24388,5
24389,5
24390,5
24391,5
24392,5
24393,6
24394,5
24395,5
24396,5
24397,6
24398,6
24399,6
24400,5
24401,5
24402,5
24403,5
24404,5
24405,5
24406,5
24407,5
24408,5
24409,5
24410,6
24411,5
24412,5
24413,5
24414,5
24415,5
24416,5
24417,6
24418,5
24419,5
24420,5
24421,5
24422,6
24423,5
24424,5
24425,5
24426,6
24427,5
24428,7
24429,5
24430,6
24431,5
24432,6
24433,6
24434,5
24435,6
24436,5
24437,5
24438,6
24439,5
24440,6
24441,5
24442,6
24443,5
24444,6
24445,5
24446,6
24447,6
24448,5
24449,5
24450,5
24451,5
24452,5
24453,6
24454,6
24455,5
24456,6
24457,6
24458,5
24459,6
24460,6
24461,5
24462,5
24463,6
24464,6
24465,5
24466,5
24467,7
24468,5
24469,6
24470,5
24471,5
24472,6
24473,5
24474,5
24475,5
24476,5
24477,6
24478,5
24479,5
24480,6
24481,6
24482,6
24483,5
24484,5
24485,5
24486,5
24487,5
24488,5
24489,5
24490,5
24491,7
24492,5
24493,6
24494,5
24495,5
24496,5
24497,5
24498,7
24499,5
24500,5
24501,6
24502,5
24503,5
24504,5
24505,6
24506,6
24507,5
24508,5
24509,5
24510,5
24511,7
24512,5
24513,6
24514,5
24515,5
24516,5
24517,6
24518,6
24519,6
24520,5
24521,5
24522,6
24523,5
24524,5
24525,5
24526,6
24527,5
24528,6
24529,5
24530,5
24531,6
24532,7
24533,6
24534,6
24535,5
24536,5
24537,5
24538,5
24539,6
24540,5
24541,5
24542,5
24543,6
24544,6
24545,5
24546,5
24547,5
24548,6
24549,5
24550,5
24551,6
24552,6
24553,5
24554,5
24555,5
24556,5
24557,5
24558,5
24559,5
24560,5
24561,5
24562,5
24563,5
24564,6
24565,5
24566,5
24567,6
24568,6
24569,6
24570,5
24571,5
24572,5
24573,6
24574,5
24575,6
24576,5
24577,7
24578,5
24579,7
24580,5
24581,5
24582,5
24583,6
24584,5
24585,5
24586,6
24587,5
24588,5
24589,6
24590,5
24591,5
24592,5
24593,6
24594,5
24595,5
24596,5
24597,5
24598,6
24599,5
24600,5
24601,5
24602,5
24603,5
24604,5
24605,5
24606,5
24607,6
24608,5
24609,5
24610,6
24611,5
24612,5
24613,5
24614,6
24615,6
24616,5
24617,6
24618,5
24619,5
24620,5
24621,5
24622,6
24623,5
24624,7
24625,5
24626,5
24627,5
24628,6
24629,7
24630,7
24631,6
24632,5
24633,6
24634,6
24635,5
24636,6
24637,6
24638,5
24639,5
24640,6
24641,5
24642,5
24643,6
24644,6
24645,6
24646,5
24647,6
24648,6
24649,6
24650,6
24651,7
24652,5
24653,7
24654,5
24655,5
24656,6
24657,6
24658,5
24659,5
24660,5
24661,5
24662,5
24663,5
24664,6
24665,5
24666,5
24667,5
24668,5
24669,6
24670,7
24671,5
24672,5
24673,6
24674,6
24675,6
24676,6
24677,5
24678,5
24679,5
24680,7
24681,5
24682,5
24683,5
24684,5
24685,5
24686,5
24687,5
24688,6
24689,5
24690,6
24691,6
24692,5
24693,5
24694,5
24695,5
24696,5
24697,6
24698,6
24699,5
24700,5
24701,5
24702,6
24703,6
24704,6
24705,5
24706,6
24707,5
24708,5
24709,5
24710,5
24711,5
24712,5
24713,5
24714,5
24715,6
24716,5
24717,5
24718,5
24719,6
24720,7
24721,6
24722,5
24723,5
24724,5
24725,5
24726,5
24727,6
24728,5
24729,6
24730,6
24731,5
24732,6
24733,5
24734,5
24735,6
24736,5
24737,5
24738,5
24739,6
24740,5
24741,7
24742,6
24743,5
24744,5
24745,6
24746,5
24747,6
24748,6
24749,7
24750,6
24751,7
24752,7
24753,5
24754,6
24755,6
24756,5
24757,5
24758,5
24759,6
24760,6
24761,5
24762,6
24763,6
24764,5
24765,6
24766,5
24767,5
24768,5
24769,5
24770,5
24771,5
24772,6
24773,6
24774,5
24775,5
24776,6
24777,5
24778,5
24779,5
24780,6
24781,5
24782,5
24783,5
24784,6
24785,5
24786,5
24787,5
24788,5
24789,6
24790,5
24791,6
24792,5
24793,5
24794,5
24795,6
24796,5
24797,6
24798,6
24799,6
24800,5
24801,5
24802,6
24803,5
24804,5
24805,5
24806,6
24807,6
24808,7
24809,5
24810,6
24811,6
24812,6
24813,5
24814,5
24815,5
24816,6
24817,6
24818,6
24819,5
24820,5
24821,6
24822,5
24823,6
24824,5
24825,6
24826,6
24827,7
24828,5
24829,5
24830,5
24831,6
24832,5
24833,5
24834,6
24835,6
24836,5
24837,5
24838,5
24839,5
24840,5
24841,7
24842,6
24843,6
24844,5
24845,5
24846,5
24847,6
24848,5
24849,5
24850,5
24851,6
24852,5
24853,6
24854,6
24855,6
24856,6
24857,5
24858,5
24859,5
24860,5
24861,5
24862,6
24863,6
24864,6
24865,5
24866,6
24867,6
24868,5
24869,5
24870,6
24871,5
24872,5
24873,5
24874,5
24875,5
24876,5
24877,5
24878,6
24879,5
24880,5
24881,5
24882,5
24883,5
24884,5
24885,5
24886,5
24887,5
24888,5
24889,6
24890,5
24891,6
24892,6
24893,5
24894,6
24895,5
24896,5
24897,6
24898,5
24899,6
24900,6
24901,5
24902,5
24903,5
24904,5
24905,5
24906,6
24907,5
24908,6
24909,6
24910,6
24911,5
24912,5
24913,5
24914,5
24915,7
24916,5
24917,5
24918,6
24919,5
24920,5
24921,6
24922,5
24923,5
24924,5
24925,6
24926,6
24927,7
24928,5
24929,6
24930,6
24931,5
24932,5
24933,6
24934,5
24935,5
24936,5
24937,5
24938,5
24939,5
24940,6
24941,6
24942,5
24943,6
24944,5
24945,6
24946,5
24947,5
24948,5
24949,5
24950,6
24951,5
24952,6
24953,5
24954,5
24955,6
24956,5
24957,5
24958,7
24959,5
24960,5
24961,5
24962,7
24963,5
24964,5
24965,6
24966,5
24967,7
24968,6
24969,5
24970,5
24971,6
24972,6
24973,5
24974,5
24975,5
24976,6
24977,5
24978,7
24979,6
24980,6
24981,6
24982,6
24983,6
24984,6
24985,5
24986,6
24987,5
24988,6
24989,5
24990,6
24991,6
24992,6
24993,5
24994,5
24995,5
24996,5
24997,5
24998,5
24999,6
